,time,Lizzy_angle,Perry_angle,BentHighNick_angle,radius,frames
142,2012-05-09 01:00:00,291.3260724102773,143.25893389926307,253.48782294941105,0.0,7773
144,2012-05-09 01:30:00,280.2958414296385,150.19156598681695,265.5034319720749,0.00030807147258163895,7774
169,2012-05-09 07:45:00,324.1202882031244,244.02565334883417,271.7492385018398,0.004158964879852125,7786
239,2012-05-10 01:15:00,295.84211932433016,158.2295836765869,295.95188850894965,0.01494146642020949,7822
246,2012-05-10 03:00:00,331.1424623677439,149.6012812415405,330.50166492393834,0.016019716574245224,7826
264,2012-05-10 07:30:00,195.91142973896416,148.98268749757997,276.5892914715661,0.018792359827479975,7835
331,2012-05-11 00:15:00,265.36422400775376,283.2325377052993,356.6127309847514,0.02911275415896488,7869
338,2012-05-11 02:00:00,298.47029821093787,294.42567836316016,302.3000624272036,0.030191004313000615,7872
359,2012-05-11 07:15:00,46.91711513301004,325.1890041214311,44.911527165976054,0.03342575477510783,7883
387,2012-05-11 14:15:00,231.94821331353256,205.71220570214248,86.22691243981137,0.03773875539125077,7897
390,2012-05-11 15:00:00,216.99460881685383,187.08073515890348,54.87232110661182,0.03820086260012323,7899
432,2012-05-12 01:30:00,113.70278745310554,141.3854704710527,67.14058977797634,0.04467036352433765,7920
435,2012-05-12 02:15:00,263.70987083192665,150.09432932488414,299.46635118703347,0.045132470733210105,7922
455,2012-05-12 07:15:00,252.45305630908223,243.39082216292007,309.8032525368989,0.048213185459026496,7932
461,2012-05-12 08:45:00,250.0155187530218,245.97227583278797,279.8982259764939,0.04913739987677141,7935
482,2012-05-12 14:00:00,302.6667155852789,166.78355043118313,227.5789288982565,0.05237215033887862,7946
485,2012-05-12 14:45:00,286.321504089754,146.99165630515768,206.26482163981368,0.052834257547751076,7947
550,2012-05-13 07:00:00,327.5909213473732,270.92522974918586,271.3025598476642,0.06284658040665435,7981
576,2012-05-13 13:30:00,329.3739716994091,262.81754273156463,48.026938966510954,0.06685150955021565,7994
579,2012-05-13 14:15:00,335.0903996346876,247.93331421706347,35.94279496135374,0.0673136167590881,7995
584,2012-05-13 15:30:00,351.51425667399565,209.05898917348563,67.42128056885798,0.0680837954405422,7998
624,2012-05-14 01:30:00,292.12705125388186,178.0593916156024,295.23178909093593,0.07424522489217499,8018
674,2012-05-14 14:00:00,342.82950317383074,132.02567142893884,249.5115209937867,0.08194701170671596,8044
681,2012-05-14 15:45:00,262.9961386477489,164.47566839000297,298.8023695217582,0.0830252618607517,8047
722,2012-05-15 02:00:00,267.24717623890035,254.68971315920192,262.294164253351,0.0893407270486753,8068
725,2012-05-15 02:45:00,257.260976585115,275.3222815421428,277.8951103124123,0.08980283425754775,8070
747,2012-05-15 08:15:00,238.66207441399345,261.9836863279403,243.29248946928087,0.09319162045594578,8081
771,2012-05-15 14:15:00,268.02606112915333,252.71459219581087,337.6805226092964,0.09688847812692544,8093
775,2012-05-15 15:15:00,233.55088772685497,278.4083809073908,351.78760416503656,0.09750462107208872,8095
813,2012-05-16 00:45:00,301.8486844951442,277.8629490049042,265.2001626291483,0.10335797905113986,8115
817,2012-05-16 01:45:00,274.66554789542045,259.50134726046394,260.8384008295363,0.10397412199630314,8117
820,2012-05-16 02:30:00,302.983158283989,261.11155276290435,263.28941686230274,0.1044362292051756,8118
863,2012-05-16 13:15:00,258.8499754887109,289.8136131558458,306.18060692746275,0.11105976586568084,8140
915,2012-05-17 02:15:00,284.84170554043095,312.37768068159244,289.1516643253327,0.11906962415280345,8167
938,2012-05-17 08:00:00,292.564598287989,267.37364711547207,231.133428171761,0.1226124460874923,8179
1005,2012-05-18 00:45:00,299.754998215849,265.6764950340282,70.48945093239615,0.1329328404189772,8213
1009,2012-05-18 01:45:00,305.0716309258693,272.63944622756907,76.20706255445248,0.13354898336414048,8215
1033,2012-05-18 07:45:00,337.3053044955719,278.3271085350115,76.78867307328437,0.13724584103512014,8227
1059,2012-05-18 14:15:00,309.3612567347022,216.0218244647483,58.512857449635646,0.14125077017868146,8240
1066,2012-05-18 16:00:00,330.8574312268996,178.00853811205445,67.71151300666509,0.1423290203327172,8244
1099,2012-05-19 00:15:00,292.1243017944697,153.42154496618355,39.53201963288092,0.14741219963031424,8261
1104,2012-05-19 01:30:00,278.14610893245003,161.00204764589728,340.67330448966806,0.14818237831176834,8263
1105,2012-05-19 01:45:00,267.20072750861686,151.01373084562567,341.45922717023893,0.14833641404805914,8264
1106,2012-05-19 02:00:00,283.6269294223129,143.4993979585745,318.957734974615,0.14849044978434997,8264
1128,2012-05-19 07:30:00,354.57217627052324,293.07487167371096,275.658464971344,0.151879235982748,8276
1205,2012-05-20 02:45:00,309.774417067004,146.57573584129204,148.24917277060922,0.1637399876771411,8315
1250,2012-05-20 14:00:00,300.13669854663766,172.37412842377273,30.57191534814234,0.17067159581022798,8338
1255,2012-05-20 15:15:00,290.996070751549,181.11528885394463,30.57191534814234,0.17144177449168208,8340
1295,2012-05-21 01:15:00,259.3085815491328,255.0737466656609,241.33873568175684,0.17760320394331486,8361
1300,2012-05-21 02:30:00,176.40799297439173,292.28697716105313,260.04819095166795,0.17837338262476896,8363
1319,2012-05-21 07:15:00,199.7777391748583,312.34309346870106,275.88264387998134,0.18130006161429452,8373
1350,2012-05-21 15:00:00,322.4020156391763,32.736112920243386,304.4433466326864,0.1860751694393099,8389
1394,2012-05-22 02:00:00,219.74105300316535,149.92749969213344,81.0762598193109,0.19285274183610598,8411
1421,2012-05-22 08:45:00,269.2773511378764,167.60576816681055,291.8846710612391,0.1970117067159581,8425
1439,2012-05-22 13:15:00,271.838199855967,164.83682765718186,296.97988518144365,0.19978434996919286,8434
1444,2012-05-22 14:30:00,287.29926730517514,162.66696658543037,349.94273119914385,0.20055452865064696,8437
1447,2012-05-22 15:15:00,292.03231061799426,162.39179406436233,298.14578494907227,0.2010166358595194,8438
1484,2012-05-23 00:30:00,272.35465146695896,165.36017654234706,76.35104234356345,0.20671595810227972,8457
1486,2012-05-23 01:00:00,244.30229872350745,158.54882904413626,76.64557747725075,0.20702402957486138,8458
1489,2012-05-23 01:45:00,271.0566002266887,146.87369169772626,73.42528282679774,0.20748613678373382,8460
1491,2012-05-23 02:15:00,234.5020131188611,147.74904078058637,75.0965138033273,0.20779420825631548,8461
1493,2012-05-23 02:45:00,249.24838696678444,140.94030169422575,72.94932349381531,0.2081022797288971,8462
1516,2012-05-23 08:30:00,238.36665733516833,138.3586813534094,80.96369669433744,0.21164510166358594,8473
1536,2012-05-23 13:30:00,255.60493005006447,151.65427362774835,39.80122565785939,0.21472581638940233,8484
1539,2012-05-23 14:15:00,328.21620825779286,162.05192997002723,46.70188096397305,0.2151879235982748,8485
1542,2012-05-23 15:00:00,258.16029446741857,180.2664251329605,42.24237437475461,0.21565003080714726,8487
1588,2012-05-24 02:30:00,240.4851558087639,253.0895476651179,74.61384454707093,0.22273567467652494,8510
1611,2012-05-24 08:15:00,256.12910852446635,278.14610893245003,72.06268675844473,0.2262784966112138,8522
1612,2012-05-24 08:30:00,238.21947546121356,279.6613175028859,82.0936555086854,0.22643253234750463,8522
1631,2012-05-24 13:15:00,294.1680305421746,180.2526251882093,29.166486913821306,0.2293592113370302,8532
1638,2012-05-24 15:00:00,203.00280806132855,138.5328614292181,44.25559387495093,0.23043746149106592,8536
1640,2012-05-24 15:30:00,154.4417441530337,143.04848682047304,51.11181793837818,0.23074553296364755,8537
1683,2012-05-25 02:15:00,306.90322336668254,146.77018141154372,55.70434586892378,0.2373690696241528,8559
1685,2012-05-25 02:45:00,256.64791901365794,161.0738173812698,56.56311649183522,0.23767714109673443,8560
1707,2012-05-25 08:15:00,283.09946742950206,269.70400188245344,45.77196624207255,0.24106592729513246,8571
1726,2012-05-25 13:00:00,292.3719598786747,221.02443035521705,48.744713941348266,0.24399260628465805,8581
1729,2012-05-25 13:45:00,351.2764045287739,259.6213626051583,35.94279496135374,0.2444547134935305,8582
1733,2012-05-25 14:45:00,243.3128998028756,295.7931451376071,25.4017098031876,0.24507085643869378,8584
1735,2012-05-25 15:15:00,269.64547608622854,306.01418367211903,19.48498096559399,0.2453789279112754,8585
1771,2012-05-26 00:15:00,225.94924277999385,141.97237786339235,74.92392055464546,0.25092421441774493,8604
1778,2012-05-26 02:00:00,249.1006903090609,151.7680469569807,73.37851824359018,0.25200246457178066,8607
1802,2012-05-26 08:00:00,306.48928959259933,155.0384667855444,54.43879798508664,0.2556993222427603,8619
1823,2012-05-26 13:15:00,268.7895318500555,161.129877910412,22.78242727409355,0.2589340727048675,8630
1828,2012-05-26 14:30:00,230.6465556595373,157.21946669009515,39.81579659735485,0.25970425138632164,8633
1829,2012-05-26 14:45:00,271.3025598476642,147.57729075261182,59.55463325967423,0.25985828712261244,8633
1867,2012-05-27 00:15:00,206.8112984410836,185.90308385285633,70.94694544547872,0.26571164510166356,8653
1897,2012-05-27 07:45:00,253.74955773755983,166.654493625795,80.0696029655079,0.27033271719038815,8668
1918,2012-05-27 13:00:00,243.1586604255919,157.67347888110248,77.00142964622842,0.2735674676524954,8679
1923,2012-05-27 14:15:00,186.84953731026425,132.86716565155496,80.62288024781458,0.27433764633394947,8681
1924,2012-05-27 14:30:00,237.28221319674316,143.33085451659304,79.56243444729222,0.2744916820702403,8682
1969,2012-05-28 01:45:00,269.5581032868166,321.0091323275326,72.51339027694718,0.2814232902033272,8705
1970,2012-05-28 02:00:00,264.4139413698046,335.8282359885425,72.61850489215533,0.281577325939618,8705
1993,2012-05-28 07:45:00,342.1968490406447,295.61751017273775,71.34245131445044,0.28512014787430684,8717
2018,2012-05-28 14:00:00,288.97963466689134,153.85224985222249,56.97037485144443,0.2889710412815773,8730
2019,2012-05-28 14:15:00,344.2635337491312,191.93062370935388,74.5851612797569,0.28912507701786816,8730
2064,2012-05-29 01:30:00,271.7651757773926,177.65261383300708,78.18070653326612,0.296056685150955,8753
2113,2012-05-29 13:45:00,245.610033212649,203.5569716629944,76.97991809575228,0.3036044362292052,8778
2159,2012-05-30 01:15:00,259.80727450461455,270.80839064072154,75.70357581121442,0.31069008009858284,8802
2208,2012-05-30 13:30:00,359.06137889947684,225.86450792860035,76.73134054903358,0.318237831176833,8827
2215,2012-05-30 15:15:00,183.73329673901236,218.48523183927432,72.43757606483723,0.31931608133086875,8830
2254,2012-05-31 01:00:00,283.6638873357745,269.75102615859777,75.92667915700758,0.32532347504621073,8850
2259,2012-05-31 02:15:00,230.357398304396,266.10986858566895,76.16175447578405,0.3260936537276648,8853
2261,2012-05-31 02:45:00,283.03512219563294,270.88876867648594,74.63921751903246,0.32640172520024646,8854
2285,2012-05-31 08:45:00,248.4586431516883,267.37364711547207,73.20745996501165,0.3300985828712261,8866
2302,2012-05-31 13:00:00,269.84400684967244,273.5890563184909,70.3549261531279,0.33271719038817005,8874
2304,2012-05-31 13:30:00,282.6859025615642,294.88340042619944,78.04453521535152,0.3330252618607517,8875
2309,2012-05-31 14:45:00,305.8987637646777,301.8801545108423,66.57079212723283,0.3337954405422058,8878
2311,2012-05-31 15:15:00,300.10151113799475,300.0668044105522,77.83217612485737,0.33410351201478744,8879
2349,2012-06-01 00:45:00,252.95452330739656,160.6862657763627,72.2823712656413,0.33995686999383856,8898
2354,2012-06-01 02:00:00,230.32389546994153,166.40638308732616,73.62918267231504,0.3407270486752927,8901
2356,2012-06-01 02:30:00,255.0860857609752,148.83999541031957,79.45038548944376,0.3410351201478743,8902
2374,2012-06-01 07:00:00,268.4265563722723,288.4363570900926,72.6881705864202,0.3438077634011091,8911
2380,2012-06-01 08:30:00,271.10853218891026,259.1188977514345,80.4878158098191,0.34473197781885395,8914
2381,2012-06-01 08:45:00,309.12782232187715,265.2001626291483,77.74080985306819,0.3448860135551448,8915
2403,2012-06-01 14:15:00,241.1607615164974,299.37545206512715,76.22950077001963,0.3482747997535428,8926
2404,2012-06-01 14:30:00,239.9002575226976,302.22406733948367,75.69766119694702,0.34842883548983367,8926
2449,2012-06-02 01:45:00,244.33898856904693,280.58510212388046,80.1551646429267,0.3553604436229205,8949
2452,2012-06-02 02:30:00,216.0521688443742,267.8951604529549,81.32114743344454,0.355822550831793,8951
2476,2012-06-02 08:30:00,287.41050180937714,264.68615430263293,74.14240772786275,0.35951940850277264,8963
2505,2012-06-02 15:45:00,280.97146628879534,226.55308063415535,80.38306029732729,0.3639864448552064,8978
2540,2012-06-03 00:30:00,247.82584715212295,301.18635236306966,59.4901456648372,0.3693776956253851,8996
2543,2012-06-03 01:15:00,225.36576247155605,300.2069478350827,75.20284422927546,0.36983980283425755,8997
2547,2012-06-03 02:15:00,324.1202882031244,302.18027839737556,77.03416498841545,0.3704559457794208,8999
2550,2012-06-03 03:00:00,342.3319569866364,307.8507410146392,78.03239635879908,0.3709180529882933,9001
2571,2012-06-03 08:15:00,283.2377552323625,240.9282510134064,74.14792178593217,0.3741528034504005,9012
2592,2012-06-03 13:30:00,325.7918160092293,305.2261771250366,82.02600318907554,0.3773875539125077,9022
2593,2012-06-03 13:45:00,339.2664627185419,290.24660179816965,83.9093738477327,0.3775415896487985,9023
2600,2012-06-03 15:30:00,112.2271201863348,303.37759175319474,81.191032303452,0.37861983980283426,9026
2637,2012-06-04 00:45:00,268.31283430161847,318.7793553380127,79.58422731760828,0.3843191620455946,9045
2644,2012-06-04 02:30:00,243.36897895555205,293.58487121287624,60.05765991494508,0.3853974121996303,9049
2666,2012-06-04 08:00:00,306.9739483548957,229.020284055104,71.22453245794634,0.38878619839802836,9060
2667,2012-06-04 08:15:00,317.93078984604375,219.34469828194705,75.54280523902457,0.38894023413431916,9061
2737,2012-06-05 01:45:00,238.36665733516833,198.09433002831256,71.17944559281625,0.39972273567467653,9096
2739,2012-06-05 02:15:00,240.42312579105723,205.91263195641733,85.5411084258443,0.40003080714725814,9097
2762,2012-06-05 08:00:00,6.34353102311735,305.6760654413178,293.5210689222054,0.403573629081947,9109
2787,2012-06-05 14:15:00,23.927648623440405,327.5099397161551,80.88693942887255,0.4074245224892175,9122
2789,2012-06-05 14:45:00,326.0199670498643,302.18027839737556,80.4095778680416,0.4077325939617991,9123
2826,2012-06-06 00:00:00,290.78316466105593,265.2164259097241,64.33068207234271,0.41343191620455944,9142
2832,2012-06-06 01:30:00,238.94373262928625,258.3387444047262,75.71284391181626,0.41435613062230436,9145
2833,2012-06-06 01:45:00,235.9055797411083,241.64062764181003,82.19169987702435,0.41451016635859517,9145
2834,2012-06-06 02:00:00,239.4862171170736,252.32222909560392,80.93111170133841,0.414664202094886,9146
2857,2012-06-06 07:45:00,314.26900882200573,264.79615624208935,74.65818292873064,0.4182070240295749,9158
2882,2012-06-06 14:00:00,217.40569268554776,239.28749866270408,82.76422326254828,0.42205791743684534,9170
2927,2012-06-07 01:15:00,266.30622410404266,285.73908024292245,74.87229912193908,0.42898952556993225,9193
2952,2012-06-07 07:30:00,305.07307436172135,270.98622943275797,76.52294731909427,0.4328404189772027,9206
2977,2012-06-07 13:45:00,283.8331892749401,259.53650824884005,67.5535982966951,0.4366913123844732,9219
2984,2012-06-07 15:30:00,269.6350784417854,299.76343791402684,67.5535982966951,0.43776956253850896,9222
2985,2012-06-07 15:45:00,305.8082225075839,300.56208893072437,77.90764714216948,0.43792359827479976,9223
3023,2012-06-08 01:15:00,287.29926730517514,275.75717185474696,78.76460897673127,0.4437769562538509,9242
3030,2012-06-08 03:00:00,341.28886374174755,278.3605293478987,60.37257202107713,0.4448552064078866,9246
3071,2012-06-08 13:15:00,316.97372296553243,351.68115909977075,76.09316232319344,0.4511706715958102,9267
3125,2012-06-09 02:45:00,332.3804777794303,314.7524987046238,76.02828617213771,0.4594886013555145,9294
3149,2012-06-09 08:45:00,244.8210887711044,236.8852988220233,73.20357089831958,0.46318545902649416,9307
3174,2012-06-09 15:00:00,269.71744540980797,320.28776252194007,74.21634561525758,0.4670363524337646,9319
3213,2012-06-10 00:45:00,225.2626823177378,148.36327681701698,75.80243452195327,0.4730437461491066,9339
3217,2012-06-10 01:45:00,267.6571194151512,141.19707123871046,69.16496218806054,0.47365988909426987,9341
3219,2012-06-10 02:15:00,285.88117880010134,156.2838036353728,75.54635528571112,0.47396796056685153,9342
3238,2012-06-10 07:00:00,111.35589643077104,264.68615430263293,81.42562289987535,0.47689463955637706,9352
3245,2012-06-10 08:45:00,194.32976397017976,268.8807788588485,80.91091159598454,0.4779728897104128,9356
3263,2012-06-10 13:15:00,271.2304100110183,309.8063104525861,73.37851824359018,0.4807455329636476,9365
3266,2012-06-10 14:00:00,272.77688588518777,298.64995288287565,78.75680929037611,0.48120764017252005,9366
3269,2012-06-10 14:45:00,285.73908024292245,314.66193391870667,84.53402952080467,0.4816697473813925,9368
3308,2012-06-11 00:30:00,254.59678236723377,147.53512267756582,74.70538533558988,0.48767714109673443,9388
3313,2012-06-11 01:45:00,252.02765493981823,154.4729327880982,79.43920828892635,0.48844731977818856,9390
3361,2012-06-11 13:45:00,328.8962233753769,245.31759246765932,76.0401519763268,0.4958410351201479,9415
3365,2012-06-11 14:45:00,305.8082225075839,267.7049729884151,77.93875395748353,0.49645717806531114,9417
3408,2012-06-12 01:30:00,261.7821181192461,154.0241381374973,71.32559633154347,0.5030807147258164,9439
3410,2012-06-12 02:00:00,225.60708893870037,172.02883775960174,77.12504320860614,0.503388786198398,9440
3436,2012-06-12 08:30:00,279.26013153613894,262.8255517545671,66.76109417255088,0.5073937153419593,9453
3458,2012-06-12 14:00:00,320.15639186490154,211.16932335120745,74.9844676395416,0.5107825015403573,9464
3460,2012-06-12 14:30:00,277.0068537723285,219.2766768857336,75.31491069050645,0.511090573012939,9465
3465,2012-06-12 15:45:00,350.17436835334615,230.13101220402052,80.89146081256519,0.511860751694393,9468
3509,2012-06-13 02:45:00,244.64762571099612,175.7126886462338,80.67683681549903,0.5186383240911892,9490
3530,2012-06-13 08:00:00,230.357398304396,261.83384868410366,73.8030459861314,0.5218730745532963,9501
3531,2012-06-13 08:15:00,219.20580502696532,260.2914356531518,70.15429798906683,0.5220271102895871,9501
3595,2012-06-14 00:15:00,266.4119924820878,230.76152477178977,74.65537177003392,0.5318853974121996,9534
3600,2012-06-14 01:30:00,265.9402832415953,200.09509657203645,77.32623543271353,0.5326555760936538,9537
3602,2012-06-14 02:00:00,245.34957265010877,206.33406581555505,83.2014551686695,0.5329636475662354,9538
3604,2012-06-14 02:30:00,207.15071771536705,251.48628429254268,72.39962152195443,0.533271719038817,9539
3626,2012-06-14 08:00:00,332.2799201521041,267.5739926727665,75.13552949058464,0.536660505237215,9550
3651,2012-06-14 14:15:00,260.32286413554147,211.9613239551023,76.7448529551474,0.5405113986444855,9563
3654,2012-06-14 15:00:00,265.32247717892307,225.8141969869849,77.8309276141938,0.540973505853358,9564
3699,2012-06-15 02:15:00,246.93166370532583,258.5118724768679,76.57203353804618,0.5479051139864448,9587
3721,2012-06-15 07:45:00,209.00491687950873,280.8722010699829,73.96229138599074,0.5512939001848429,9598
3791,2012-06-16 01:15:00,259.3527826144924,163.72858621829926,76.69137329851901,0.5620764017252002,9634
3793,2012-06-16 01:45:00,269.612705170706,185.09713149678757,78.22204834447075,0.5623844731977818,9635
3798,2012-06-16 03:00:00,218.6165572851916,186.68261125971384,65.10714023206629,0.563154651879236,9638
3817,2012-06-16 07:45:00,231.55032702414536,269.7237194154138,79.42486478730882,0.5660813308687616,9647
3847,2012-06-16 15:15:00,93.4220569940088,174.33841567857576,74.86532532435774,0.5707024029574861,9663
3850,2012-06-16 16:00:00,254.0958505972688,175.78022199728457,76.89121343305891,0.5711645101663586,9664
3888,2012-06-17 01:30:00,271.9132235208918,149.32468466132798,80.80447688668698,0.5770178681454098,9684
3934,2012-06-17 13:00:00,283.9539000261829,277.87140587054023,67.15481498794782,0.5841035120147874,9707
3936,2012-06-17 13:30:00,235.3585329946927,301.10948452078225,75.30819172895292,0.5844115834873691,9708
3938,2012-06-17 14:00:00,181.47536417098064,286.586690029721,82.52603769670145,0.5847196549599507,9709
3944,2012-06-17 15:30:00,292.03231061799426,223.39471018585695,86.67333708785821,0.5856438693776956,9712
3979,2012-06-18 00:15:00,264.51679924882245,170.6891393708088,358.41764033219914,0.5910351201478743,9730
3989,2012-06-18 02:45:00,117.70371824600257,178.51110513514527,357.2365180637491,0.5925754775107825,9735
4031,2012-06-18 13:15:00,231.82040473358992,176.3215468460678,72.23517663589593,0.5990449784349969,9757
4039,2012-06-18 15:15:00,269.70400188245344,209.1339622531782,83.2294043438655,0.6002772643253235,9761
4103,2012-06-19 07:15:00,289.5625512030076,212.62216518824437,286.96322197003275,0.610135551447936,9793
4109,2012-06-19 08:45:00,266.24856747551655,165.02421612128182,269.75591038684433,0.6110597658656809,9796
4134,2012-06-19 15:00:00,268.7895318500555,275.89337329130416,261.23764030115404,0.6149106592729513,9809
4224,2012-06-20 13:30:00,199.8696336947632,259.913247001987,71.64081181778772,0.6287738755391251,9855
4228,2012-06-20 14:30:00,241.48081639789768,242.93333550030007,74.70068038619138,0.6293900184842883,9857
4273,2012-06-21 01:45:00,252.8699854250143,247.9791490913576,72.4758934620337,0.6363216266173752,9880
4323,2012-06-21 14:15:00,315.351603841481,157.42408250818812,74.27335417342294,0.6440234134319162,9906
4368,2012-06-22 01:30:00,263.1076704895026,155.12528707590013,76.18493214678762,0.6509550215650031,9928
4395,2012-06-22 08:15:00,234.5089748927832,149.0551111736258,83.90265209661356,0.6551139864448552,9942
4424,2012-06-22 15:30:00,257.8942815969833,173.68913259793624,71.63071403515352,0.6595810227972889,9957
4464,2012-06-23 01:30:00,225.36576247155605,187.86069435527028,80.38725724161645,0.6657424522489217,9977
4490,2012-06-23 08:00:00,177.64649695873095,159.36902124068263,67.52116548161871,0.669747381392483,9991
4563,2012-06-24 02:15:00,295.11603770460675,276.11196900663646,74.04649161723984,0.6809919901417129,10028
4585,2012-06-24 07:45:00,229.6828365272425,270.8545736283946,75.47257378161373,0.6843807763401109,10039
4704,2012-06-25 13:30:00,281.8119406660239,261.9956690532695,76.05164840657238,0.7027110289587184,10100
4904,2012-06-27 15:30:00,95.0933128245461,307.92330952275086,50.2667174548219,0.7335181762168823,10202
4940,2012-06-28 00:30:00,290.9814418783509,264.80114497016064,302.92094321904057,0.7390634627233518,10220
4949,2012-06-28 02:45:00,182.37235319630813,263.96465135536084,258.95297180176277,0.7404497843499692,10225
4967,2012-06-28 07:15:00,235.3585329946927,192.1988643368771,266.30478380685344,0.7432224276032039,10234
4973,2012-06-28 08:45:00,259.43042310416115,235.59955353780217,274.53177007329504,0.7441466420209488,10237
4993,2012-06-28 13:45:00,290.78316466105593,341.46113415192013,265.2087878388177,0.7472273567467652,10247
5042,2012-06-29 02:00:00,259.43042310416115,260.0671711947799,32.17879061247754,0.7547751078250154,10272
5093,2012-06-29 14:45:00,271.0815443408293,299.279426465282,307.48399918189153,0.7626309303758472,10298
5138,2012-06-30 02:00:00,245.422874234659,156.99018014291892,6.687319362530673,0.7695625385089341,10321
5164,2012-06-30 08:30:00,349.6495812410296,186.7416963362175,258.8499754887109,0.7735674676524954,10335
5259,2012-07-01 08:15:00,284.76302549299834,290.092364880839,284.4528566772922,0.7882008626001232,10383
5334,2012-07-02 03:00:00,283.4275813898654,186.22255404464948,77.28509107581954,0.7997535428219347,10421
5354,2012-07-02 08:00:00,296.7720305401793,307.9149877800236,75.49622991958665,0.8028342575477511,10431
5384,2012-07-02 15:30:00,283.9690926276745,156.60795414047038,82.20514211918425,0.8074553296364757,10447
5422,2012-07-03 01:00:00,267.0447044438332,300.8663979506498,359.20228622079736,0.8133086876155268,10466
5429,2012-07-03 02:45:00,277.9513509333772,278.6449661468966,71.93955657563299,0.8143869377695625,10470
5430,2012-07-03 03:00:00,296.229675663888,282.8301015105814,89.40868229530986,0.8145409735058533,10470
5449,2012-07-03 07:45:00,299.5758754405438,260.0671711947799,354.1062768864213,0.8174676524953789,10480
5450,2012-07-03 08:00:00,301.5324487346335,252.2229214106017,0.7520752498411412,0.8176216882316697,10480
5472,2012-07-03 13:30:00,295.334681320105,180.23440979105553,184.61435530387644,0.8210104744300678,10492
5478,2012-07-03 15:00:00,292.8351815551842,171.69234917697202,297.10600440565156,0.8219346888478127,10495
5479,2012-07-03 15:15:00,281.4733117669992,164.78003953449388,342.5262475990871,0.8220887245841035,10495
5523,2012-07-04 02:15:00,299.326231904195,273.9435900408082,71.84230491626454,0.8288662969808995,10518
5573,2012-07-04 14:45:00,264.3181332579948,354.20957526591195,47.554369192388265,0.8365680837954406,10543
5611,2012-07-05 00:15:00,303.48574643210645,285.31375555290174,255.1900725593411,0.8424214417744916,10563
5613,2012-07-05 00:45:00,303.2903907547379,279.3340654275979,273.4701436567279,0.8427295132470733,10564
5641,2012-07-05 07:45:00,176.2677137086805,271.6119145193075,266.48085137499766,0.8470425138632163,10578
5663,2012-07-05 13:15:00,285.5758988873166,12.187316764799334,34.52164195596481,0.8504313000616143,10589
5667,2012-07-05 14:15:00,245.422874234659,17.843095180444948,346.4111721236095,0.8510474430067776,10591
5708,2012-07-06 00:30:00,263.4371103780718,244.43723937228592,264.64440631408513,0.8573629081947012,10612
5712,2012-07-06 01:30:00,264.08092053969506,237.72532309436863,274.83637065975586,0.8579790511398645,10614
5715,2012-07-06 02:15:00,261.44782263353886,255.22682989966304,309.3257463209078,0.8584411583487369,10616
5736,2012-07-06 07:30:00,153.3017573757453,305.45113859876244,71.64854883337046,0.8616759088108441,10626
5765,2012-07-06 14:45:00,236.33746704279991,168.838573373587,76.63694934398302,0.8661429451632778,10641
5769,2012-07-06 15:45:00,237.96528817287847,148.4862377365609,73.9167593836321,0.8667590881084412,10643
5804,2012-07-07 00:30:00,259.1178999836211,307.70392907480687,269.68150096044985,0.8721503388786198,10661
5807,2012-07-07 01:15:00,262.9554958756112,299.0072408118726,260.54078123644973,0.8726124460874923,10663
5810,2012-07-07 02:00:00,260.54929076549746,311.656285859395,257.03159024087597,0.8730745532963647,10664
5814,2012-07-07 03:00:00,239.0239064183416,296.6182934086127,246.4566435150637,0.8736906962415281,10666
5860,2012-07-07 14:30:00,264.79615624208935,164.48003566351463,56.65014822855022,0.8807763401109058,10690
5901,2012-07-08 00:45:00,291.13608517283683,154.18066951644835,282.2769734668461,0.8870918052988294,10711
5908,2012-07-08 02:30:00,294.5080304908329,174.4338007253358,262.31770588462507,0.8881700554528651,10714
5955,2012-07-08 14:15:00,225.40826616370015,219.98223667807105,55.73863861242296,0.8954097350585336,10738
5958,2012-07-08 15:00:00,247.5820612116171,163.25338599918632,71.9019277828217,0.895871842267406,10740
6027,2012-07-09 08:15:00,308.77977727766813,256.54020264531385,292.9824659557531,0.9065003080714725,10775
6095,2012-07-10 01:15:00,276.0807338440884,158.8280696684667,294.7792696799386,0.9169747381392483,10810
6124,2012-07-10 08:30:00,278.9594276164389,249.70739345526025,268.31283430161847,0.9214417744916821,10824
6146,2012-07-10 14:00:00,297.77404563325786,301.2179763480335,220.92285410505696,0.9248305606900801,10836
6147,2012-07-10 14:15:00,294.9617949807061,300.46270961580603,205.3237440563063,0.9249845964263709,10836
6154,2012-07-10 16:00:00,304.42396624267974,299.19637912331183,243.38107660084913,0.9260628465804066,10840
6192,2012-07-11 01:30:00,263.8105589178372,153.68101218145864,248.3022151063459,0.9319162045594578,10859
6242,2012-07-11 14:00:00,235.21609136300893,162.6232929634632,77.43307198789694,0.9396179913739988,10885
6286,2012-07-12 01:00:00,301.46977484293603,302.37905943916115,68.86959484779686,0.9463955637707948,10907
6293,2012-07-12 02:45:00,108.1633710525075,349.8445354019982,71.97240469125353,0.9474738139248305,10911
6313,2012-07-12 07:45:00,281.1509247780834,283.5468246136487,74.65537177003392,0.9505545286506469,10921
6336,2012-07-12 13:30:00,209.00491687950873,218.0760015581086,75.81158234885146,0.9540973505853358,10932
6343,2012-07-12 15:15:00,269.67313397666663,169.8696665918333,82.20863237592619,0.9551756007393716,10936
6381,2012-07-13 00:45:00,274.375694239508,312.41681670599405,76.0370866158371,0.9610289587184226,10955
6388,2012-07-13 02:30:00,8.031615182035068,264.90763038452496,78.90390219848507,0.9621072088724584,10959
6526,2012-07-14 13:00:00,176.59940632369774,179.53547271325397,76.23247018188442,0.9833641404805915,11029
6533,2012-07-14 14:45:00,259.7597166673187,162.0327580043695,74.03731822704862,0.9844423906346272,11033
6601,2012-07-15 07:45:00,258.79558134142894,285.9248514487924,77.64426612594758,0.994916820702403,11068
6634,2012-07-15 16:00:00,249.54440735375948,155.67310977940087,72.92435408241761,1.0,11085
