,Sample
0,0.0
1,0.0
2,0.0
3,0.0
4,0.0
5,0.0
6,0.0
7,0.0
8,0.0
9,0.0
10,0.0
11,0.0
12,0.0
13,0.0
14,0.0
15,0.0
16,0.0
17,0.0
18,0.0
19,0.0
20,0.0
21,0.0
22,0.0
23,0.0
24,0.0
25,0.0
26,0.0
27,0.0
28,0.0
29,0.0
30,0.0
31,0.0
32,0.0
33,0.0
34,0.0
35,0.0
36,0.0
37,0.0
38,0.0
39,0.0
40,0.0
41,0.0
42,0.0
43,0.0
44,0.0
45,0.0
46,0.0
47,0.0
48,0.0
49,0.0
50,0.0
51,0.0
52,0.0
53,0.0
54,0.0
55,0.0
56,0.0
57,0.0
58,0.0
59,0.0
60,0.0
61,0.0
62,0.0
63,0.0
64,0.0
65,0.0
66,0.0
67,0.0
68,0.0
69,0.0
70,0.0
71,0.0
72,0.0
73,0.0
74,0.0
75,0.0
76,0.0
77,0.0
78,0.0
79,0.0
80,0.0
81,0.0
82,0.0
83,0.0
84,0.0
85,0.0
86,0.0
87,0.0
88,0.0
89,0.0
90,0.0
91,0.0
92,0.0
93,0.0
94,0.0
95,0.0
96,0.0
97,0.0
98,0.0
99,0.0
100,0.0
101,0.0
102,0.0
103,0.0
104,0.0
105,0.0
106,0.0
107,0.0
108,0.0
109,0.0
110,0.0
111,0.0
112,0.0
113,0.0
114,0.0
115,0.0
116,0.0
117,0.0
118,0.0
119,0.0
120,0.0
121,0.0
122,0.0
123,0.0
124,0.0
125,0.0
126,0.0
127,0.0
128,0.0
129,0.0
130,0.0
131,0.0
132,0.0
133,0.0
134,0.0
135,0.0
136,0.0
137,0.0
138,0.0
139,0.0
140,0.0
141,0.0
142,0.0
143,0.0
144,0.0
145,0.0
146,0.0
147,0.0
148,0.0
149,0.0
150,0.0
151,0.0
152,0.0
153,0.0
154,0.0
155,0.0
156,0.0
157,0.0
158,0.0
159,0.0
160,0.0
161,0.0
162,0.0
163,0.0
164,0.0
165,0.0
166,0.0
167,0.0
168,0.0
169,0.0
170,0.0
171,0.0
172,0.0
173,0.0
174,0.0
175,0.0
176,0.0
177,0.0
178,0.0
179,0.0
180,0.0
181,0.0
182,0.0
183,0.0
184,0.0
185,0.0
186,0.0
187,0.0
188,0.0
189,0.0
190,0.0
191,0.0
192,0.0
193,0.0
194,0.0
195,0.0
196,0.0
197,0.0
198,0.0
199,0.0
200,0.0
201,0.0
202,0.0
203,0.0
204,0.0
205,0.0
206,0.0
207,0.0
208,0.0
209,0.0
210,0.0
211,0.0
212,0.0
213,0.0
214,0.0
215,0.0
216,0.0
217,0.0
218,0.0
219,0.0
220,0.0
221,0.0
222,0.0
223,0.0
224,0.0
225,0.0
226,0.0
227,0.0
228,0.0
229,0.0
230,0.0
231,0.0
232,0.0
233,0.0
234,0.0
235,0.0
236,0.0
237,0.0
238,0.0
239,0.0
240,0.0
241,0.0
242,0.0
243,0.0
244,0.0
245,0.0
246,0.0
247,0.0
248,0.0
249,0.0
250,0.0
251,0.0
252,0.0
253,0.0
254,0.0
255,0.0
256,0.0
257,0.0
258,0.0
259,0.0
260,0.0
261,0.0
262,0.0
263,0.0
264,0.0
265,0.0
266,0.0
267,0.0
268,0.0
269,0.0
270,0.0
271,0.0
272,0.0
273,0.0
274,0.0
275,0.0
276,0.0
277,0.0
278,0.0
279,0.0
280,0.0
281,0.0
282,0.0
283,0.0
284,0.0
285,0.0
286,0.0
287,0.0
288,0.0
289,0.0
290,0.0
291,0.0
292,0.0
293,0.0
294,0.0
295,0.0
296,0.0
297,0.0
298,0.0
299,0.0
300,0.0
301,0.0
302,0.0
303,0.0
304,0.0
305,0.0
306,0.0
307,0.0
308,0.0
309,0.0
310,0.0
311,0.0
312,0.0
313,0.0
314,0.0
315,0.0
316,0.0
317,0.0
318,0.0
319,0.0
320,0.0
321,0.0
322,0.0
323,0.0
324,0.0
325,0.0
326,0.0
327,0.0
328,0.0
329,0.0
330,0.0
331,0.0
332,0.0
333,0.0
334,0.0
335,0.0
336,0.0
337,0.0
338,0.0
339,0.0
340,0.0
341,0.0
342,0.0
343,0.0
344,0.0
345,0.0
346,0.0
347,0.0
348,0.0
349,0.0
350,0.0
351,0.0
352,0.0
353,0.0
354,0.0
355,0.0
356,0.0
357,0.0
358,0.0
359,0.0
360,0.0
361,0.0
362,0.0
363,0.0
364,0.0
365,0.0
366,0.0
367,0.0
368,0.0
369,0.0
370,0.0
371,0.0
372,0.0
373,0.0
374,0.0
375,0.0
376,0.0
377,0.0
378,0.0
379,0.0
380,0.0
381,0.0
382,0.0
383,0.0
384,0.0
385,0.0
386,0.0
387,0.0
388,0.0
389,0.0
390,0.0
391,0.0
392,0.0
393,0.0
394,0.0
395,0.0
396,0.0
397,0.0
398,0.0
399,0.0
400,0.0
401,0.0
402,0.0
403,0.0
404,0.0
405,0.0
406,0.0
407,0.0
408,0.0
409,0.0
410,0.0
411,0.0
412,0.0
413,0.0
414,0.0
415,0.0
416,0.0
417,0.0
418,0.0
419,0.0
420,0.0
421,0.0
422,0.0
423,0.0
424,0.0
425,0.0
426,0.0
427,0.0
428,0.0
429,0.0
430,0.0
431,0.0
432,0.0
433,0.0
434,0.0
435,0.0
436,0.0
437,0.0
438,0.0
439,0.0
440,0.0
441,0.0
442,0.0
443,0.0
444,0.0
445,0.0
446,0.0
447,0.0
448,0.0
449,0.0
450,0.0
451,0.0
452,0.0
453,0.0
454,0.0
455,0.0
456,0.0
457,0.0
458,0.0
459,0.0
460,0.0
461,0.0
462,0.0
463,0.0
464,0.0
465,0.0
466,0.0
467,0.0
468,0.0
469,0.0
470,0.0
471,0.0
472,0.0
473,0.0
474,0.0
475,0.0
476,0.0
477,0.0
478,0.0
479,0.0
480,0.0
481,0.0
482,0.0
483,0.0
484,0.0
485,0.0
486,0.0
487,0.0
488,0.0
489,0.0
490,0.0
491,0.0
492,0.0
493,0.0
494,0.0
495,0.0
496,0.0
497,0.0
498,0.0
499,0.0
500,0.0
501,0.0
502,0.0
503,0.0
504,0.0
505,0.0
506,0.0
507,0.0
508,0.0
509,0.0
510,0.0
511,0.0
512,0.0
513,0.0
514,0.0
515,0.0
516,0.0
517,0.0
518,0.0
519,0.0
520,0.0
521,0.0
522,0.0
523,0.0
524,0.0
525,0.0
526,0.0
527,0.0
528,0.0
529,0.0
530,0.0
531,0.0
532,0.0
533,0.0
534,0.0
535,0.0
536,0.0
537,0.0
538,0.0
539,0.0
540,0.0
541,0.0
542,0.0
543,0.0
544,0.0
545,0.0
546,0.0
547,0.0
548,0.0
549,0.0
550,0.0
551,0.0
552,0.0
553,0.0
554,0.0
555,0.0
556,0.0
557,0.0
558,0.0
559,0.0
560,0.0
561,0.0
562,0.0
563,0.0
564,0.0
565,0.0
566,0.0
567,0.0
568,0.0
569,0.0
570,0.0
571,0.0
572,0.0
573,0.0
574,0.0
575,0.0
576,0.0
577,0.0
578,0.0
579,0.0
580,0.0
581,0.0
582,0.0
583,0.0
584,0.0
585,0.0
586,0.0
587,0.0
588,0.0
589,0.0
590,0.0
591,0.0
592,0.0
593,0.0
594,0.0
595,0.0
596,0.0
597,0.0
598,0.0
599,0.0
600,0.0
601,0.0
602,0.0
603,0.0
604,0.0
605,0.0
606,0.0
607,0.0
608,0.0
609,0.0
610,0.0
611,0.0
612,0.0
613,0.0
614,0.0
615,0.0
616,0.0
617,0.0
618,0.0
619,0.0
620,0.0
621,0.0
622,0.0
623,0.0
624,0.0
625,0.0
626,0.0
627,0.0
628,0.0
629,0.0
630,0.0
631,0.0
632,0.0
633,0.0
634,0.0
635,0.0
636,0.0
637,0.0
638,0.0
639,0.0
640,0.0
641,0.0
642,0.0
643,0.0
644,0.0
645,0.0
646,0.0
647,0.0
648,0.0
649,0.0
650,0.0
651,0.0
652,0.0
653,0.0
654,0.0
655,0.0
656,0.0
657,0.0
658,0.0
659,0.0
660,0.0
661,0.0
662,0.0
663,0.0
664,0.0
665,0.0
666,0.0
667,0.0
668,0.0
669,0.0
670,0.0
671,0.0
672,0.0
673,0.0
674,0.0
675,0.0
676,0.0
677,0.0
678,0.0
679,0.0
680,0.0
681,0.0
682,0.0
683,0.0
684,0.0
685,0.0
686,0.0
687,0.0
688,0.0
689,0.0
690,0.0
691,0.0
692,0.0
693,0.0
694,0.0
695,0.0
696,0.0
697,0.0
698,0.0
699,0.0
700,0.0
701,0.0
702,0.0
703,0.0
704,0.0
705,0.0
706,0.0
707,0.0
708,0.0
709,0.0
710,0.0
711,0.0
712,0.0
713,0.0
714,0.0
715,0.0
716,0.0
717,0.0
718,0.0
719,0.0
720,0.0
721,0.0
722,0.0
723,0.0
724,0.0
725,0.0
726,0.0
727,0.0
728,0.0
729,0.0
730,0.0
731,0.0
732,0.0
733,0.0
734,0.0
735,0.0
736,0.0
737,0.0
738,0.0
739,0.0
740,0.0
741,0.0
742,0.0
743,0.0
744,0.0
745,0.0
746,0.0
747,0.0
748,0.0
749,0.0
750,0.0
751,0.0
752,0.0
753,0.0
754,0.0
755,0.0
756,0.0
757,0.0
758,0.0
759,0.0
760,0.0
761,0.0
762,0.0
763,0.0
764,0.0
765,0.0
766,0.0
767,0.0
768,0.0
769,0.0
770,0.0
771,0.0
772,0.0
773,0.0
774,0.0
775,0.0
776,0.0
777,0.0
778,0.0
779,0.0
780,0.0
781,0.0
782,0.0
783,0.0
784,0.0
785,0.0
786,0.0
787,0.0
788,0.0
789,0.0
790,0.0
791,0.0
792,0.0
793,0.0
794,0.0
795,0.0
796,0.0
797,0.0
798,0.0
799,0.0
800,0.0
801,0.0
802,0.0
803,0.0
804,0.0
805,0.0
806,0.0
807,0.0
808,0.0
809,0.0
810,0.0
811,0.0
812,0.0
813,0.0
814,0.0
815,0.0
816,0.0
817,0.0
818,0.0
819,0.0
820,0.0
821,0.0
822,0.0
823,0.0
824,0.0
825,0.0
826,0.0
827,0.0
828,0.0
829,0.0
830,0.0
831,0.0
832,0.0
833,0.0
834,0.0
835,0.0
836,0.0
837,0.0
838,0.0
839,0.0
840,0.0
841,0.0
842,0.0
843,0.0
844,0.0
845,0.0
846,0.0
847,0.0
848,0.0
849,0.0
850,0.0
851,0.0
852,0.0
853,0.0
854,0.0
855,0.0
856,0.0
857,0.0
858,0.0
859,0.0
860,0.0
861,0.0
862,0.0
863,0.0
864,0.0
865,0.0
866,0.0
867,0.0
868,0.0
869,0.0
870,0.0
871,0.0
872,0.0
873,0.0
874,0.0
875,0.0
876,0.0
877,0.0
878,0.0
879,0.0
880,0.0
881,0.0
882,0.0
883,0.0
884,0.0
885,0.0
886,0.0
887,0.0
888,0.0
889,0.0
890,0.0
891,0.0
892,0.0
893,0.0
894,0.0
895,0.0
896,0.0
897,0.0
898,0.0
899,0.0
900,0.0
901,0.0
902,0.0
903,0.0
904,0.0
905,0.0
906,0.0
907,0.0
908,0.0
909,0.0
910,0.0
911,0.0
912,0.0
913,0.0
914,0.0
915,0.0
916,0.0
917,0.0
918,0.0
919,0.0
920,0.0
921,0.0
922,0.0
923,0.0
924,0.0
925,0.0
926,0.0
927,0.0
928,0.0
929,0.0
930,0.0
931,0.0
932,0.0
933,0.0
934,0.0
935,0.0
936,0.0
937,0.0
938,0.0
939,0.0
940,0.0
941,0.0
942,0.0
943,0.0
944,0.0
945,0.0
946,0.0
947,0.0
948,0.0
949,0.0
950,0.0
951,0.0
952,0.0
953,0.0
954,0.0
955,0.0
956,0.0
957,0.0
958,0.0
959,0.0
960,0.0
961,0.0
962,0.0
963,0.0
964,0.0
965,0.0
966,0.0
967,0.0
968,0.0
969,0.0
970,0.0
971,0.0
972,0.0
973,0.0
974,0.0
975,0.0
976,0.0
977,0.0
978,0.0
979,0.0
980,0.0
981,0.0
982,0.0
983,0.0
984,0.0
985,0.0
986,0.0
987,0.0
988,0.0
989,0.0
990,0.0
991,0.0
992,0.0
993,0.0
994,0.0
995,0.0
996,0.0
997,0.0
998,0.0
999,0.0
1000,0.0
1001,0.0
1002,0.0
1003,0.0
1004,0.0
1005,0.0
1006,0.0
1007,0.0
1008,0.0
1009,0.0
1010,0.0
1011,0.0
1012,0.0
1013,0.0
1014,0.0
1015,0.0
1016,0.0
1017,0.0
1018,0.0
1019,0.0
1020,0.0
1021,0.0
1022,0.0
1023,0.0
1024,0.0
1025,0.0
1026,0.0
1027,0.0
1028,0.0
1029,0.0
1030,0.0
1031,0.0
1032,0.0
1033,0.0
1034,0.0
1035,0.0
1036,0.0
1037,0.0
1038,0.0
1039,0.0
1040,0.0
1041,0.0
1042,0.0
1043,0.0
1044,0.0
1045,0.0
1046,0.0
1047,0.0
1048,0.0
1049,0.0
1050,0.0
1051,0.0
1052,0.0
1053,0.0
1054,0.0
1055,0.0
1056,0.0
1057,0.0
1058,0.0
1059,0.0
1060,0.0
1061,0.0
1062,0.0
1063,0.0
1064,0.0
1065,0.0
1066,0.0
1067,0.0
1068,0.0
1069,0.0
1070,0.0
1071,0.0
1072,0.0
1073,0.0
1074,0.0
1075,0.0
1076,0.0
1077,0.0
1078,0.0
1079,0.0
1080,0.0
1081,0.0
1082,0.0
1083,0.0
1084,0.0
1085,0.0
1086,0.0
1087,0.0
1088,0.0
1089,0.0
1090,0.0
1091,0.0
1092,0.0
1093,0.0
1094,0.0
1095,0.0
1096,0.0
1097,0.0
1098,0.0
1099,0.0
1100,0.0
1101,0.0
1102,0.0
1103,0.0
1104,0.0
1105,0.0
1106,0.0
1107,0.0
1108,0.0
1109,0.0
1110,0.0
1111,0.0
1112,0.0
1113,0.0
1114,0.0
1115,0.0
1116,0.0
1117,0.0
1118,0.0
1119,0.0
1120,0.0
1121,0.0
1122,0.0
1123,0.0
1124,0.0
1125,0.0
1126,0.0
1127,0.0
1128,0.0
1129,0.0
1130,0.0
1131,0.0
1132,0.0
1133,0.0
1134,0.0
1135,0.0
1136,0.0
1137,0.0
1138,0.0
1139,0.0
1140,0.0
1141,0.0
1142,0.0
1143,0.0
1144,0.0
1145,0.0
1146,0.0
1147,0.0
1148,0.0
1149,0.0
1150,0.0
1151,0.0
1152,0.0
1153,0.0
1154,0.0
1155,0.0
1156,0.0
1157,0.0
1158,0.0
1159,0.0
1160,0.0
1161,0.0
1162,0.0
1163,0.0
1164,0.0
1165,0.0
1166,0.0
1167,0.0
1168,0.0
1169,0.0
1170,0.0
1171,0.0
1172,0.0
1173,0.0
1174,0.0
1175,0.0
1176,0.0
1177,0.0
1178,0.0
1179,0.0
1180,0.0
1181,0.0
1182,0.0
1183,0.0
1184,0.0
1185,0.0
1186,0.0
1187,0.0
1188,0.0
1189,0.0
1190,0.0
1191,0.0
1192,0.0
1193,0.0
1194,0.0
1195,0.0
1196,0.0
1197,0.0
1198,0.0
1199,0.0
1200,0.0
1201,0.0
1202,0.0
1203,0.0
1204,0.0
1205,0.0
1206,0.0
1207,0.0
1208,0.0
1209,0.0
1210,0.0
1211,0.0
1212,0.0
1213,0.0
1214,0.0
1215,0.0
1216,0.0
1217,0.0
1218,0.0
1219,0.0
1220,0.0
1221,0.0
1222,0.0
1223,0.0
1224,0.0
1225,0.0
1226,0.0
1227,0.0
1228,0.0
1229,0.0
1230,0.0
1231,0.0
1232,0.0
1233,0.0
1234,0.0
1235,0.0
1236,0.0
1237,0.0
1238,0.0
1239,0.0
1240,0.0
1241,0.0
1242,0.0
1243,0.0
1244,0.0
1245,0.0
1246,0.0
1247,0.0
1248,0.0
1249,0.0
1250,0.0
1251,0.0
1252,0.0
1253,0.0
1254,0.0
1255,0.0
1256,0.0
1257,0.0
1258,0.0
1259,0.0
1260,0.0
1261,0.0
1262,0.0
1263,0.0
1264,0.0
1265,0.0
1266,0.0
1267,0.0
1268,0.0
1269,0.0
1270,0.0
1271,0.0
1272,0.0
1273,0.0
1274,0.0
1275,0.0
1276,0.0
1277,0.0
1278,0.0
1279,0.0
1280,0.0
1281,0.0
1282,0.0
1283,0.0
1284,0.0
1285,0.0
1286,0.0
1287,0.0
1288,0.0
1289,0.0
1290,0.0
1291,0.0
1292,0.0
1293,0.0
1294,0.0
1295,0.0
1296,0.0
1297,0.0
1298,0.0
1299,0.0
1300,0.0
1301,0.0
1302,0.0
1303,0.0
1304,0.0
1305,0.0
1306,0.0
1307,0.0
1308,0.0
1309,0.0
1310,0.0
1311,0.0
1312,0.0
1313,0.0
1314,0.0
1315,0.0
1316,0.0
1317,0.0
1318,0.0
1319,0.0
1320,0.0
1321,0.0
1322,0.0
1323,0.0
1324,0.0
1325,0.0
1326,0.0
1327,0.0
1328,0.0
1329,0.0
1330,0.0
1331,0.0
1332,0.0
1333,0.0
1334,0.0
1335,0.0
1336,0.0
1337,0.0
1338,0.0
1339,0.0
1340,0.0
1341,0.0
1342,0.0
1343,0.0
1344,0.0
1345,0.0
1346,0.0
1347,0.0
1348,0.0
1349,0.0
1350,0.0
1351,0.0
1352,0.0
1353,0.0
1354,0.0
1355,0.0
1356,0.0
1357,0.0
1358,0.0
1359,0.0
1360,0.0
1361,0.0
1362,0.0
1363,0.0
1364,0.0
1365,0.0
1366,0.0
1367,0.0
1368,0.0
1369,0.0
1370,0.0
1371,0.0
1372,0.0
1373,0.0
1374,0.0
1375,0.0
1376,0.0
1377,0.0
1378,0.0
1379,0.0
1380,0.0
1381,0.0
1382,0.0
1383,0.0
1384,0.0
1385,0.0
1386,0.0
1387,0.0
1388,0.0
1389,0.0
1390,0.0
1391,0.0
1392,0.0
1393,0.0
1394,0.0
1395,0.0
1396,0.0
1397,0.0
1398,0.0
1399,0.0
1400,0.0
1401,0.0
1402,0.0
1403,0.0
1404,0.0
1405,0.0
1406,0.0
1407,0.0
1408,0.0
1409,0.0
1410,0.0
1411,0.0
1412,0.0
1413,0.0
1414,0.0
1415,0.0
1416,0.0
1417,0.0
1418,0.0
1419,0.0
1420,0.0
1421,0.0
1422,0.0
1423,0.0
1424,0.0
1425,0.0
1426,0.0
1427,0.0
1428,0.0
1429,0.0
1430,0.0
1431,0.0
1432,0.0
1433,0.0
1434,0.0
1435,0.0
1436,0.0
1437,0.0
1438,0.0
1439,0.0
1440,0.0
1441,0.0
1442,0.0
1443,0.0
1444,0.0
1445,0.0
1446,0.0
1447,0.0
1448,0.0
1449,0.0
1450,0.0
1451,0.0
1452,0.0
1453,0.0
1454,0.0
1455,0.0
1456,0.0
1457,0.0
1458,0.0
1459,0.0
1460,0.0
1461,0.0
1462,0.0
1463,0.0
1464,0.0
1465,0.0
1466,0.0
1467,0.0
1468,0.0
1469,0.0
1470,0.0
1471,0.0
1472,0.0
1473,0.0
1474,0.0
1475,0.0
1476,0.0
1477,0.0
1478,0.0
1479,0.0
1480,0.0
1481,0.0
1482,0.0
1483,0.0
1484,0.0
1485,0.0
1486,0.0
1487,0.0
1488,0.0
1489,0.0
1490,0.0
1491,0.0
1492,0.0
1493,0.0
1494,0.0
1495,0.0
1496,0.0
1497,0.0
1498,0.0
1499,0.0
1500,0.0
1501,0.0
1502,0.0
1503,0.0
1504,0.0
1505,0.0
1506,0.0
1507,0.0
1508,0.0
1509,0.0
1510,0.0
1511,0.0
1512,0.0
1513,0.0
1514,0.0
1515,0.0
1516,0.0
1517,0.0
1518,0.0
1519,0.0
1520,0.0
1521,0.0
1522,0.0
1523,0.0
1524,0.0
1525,0.0
1526,0.0
1527,0.0
1528,0.0
1529,0.0
1530,0.0
1531,0.0
1532,0.0
1533,0.0
1534,0.0
1535,0.0
1536,0.0
1537,0.0
1538,0.0
1539,0.0
1540,0.0
1541,0.0
1542,0.0
1543,0.0
1544,0.0
1545,0.0
1546,0.0
1547,0.0
1548,0.0
1549,0.0
1550,0.0
1551,0.0
1552,0.0
1553,0.0
1554,0.0
1555,0.0
1556,0.0
1557,0.0
1558,0.0
1559,0.0
1560,0.0
1561,0.0
1562,0.0
1563,0.0
1564,0.0
1565,0.0
1566,0.0
1567,0.0
1568,0.0
1569,0.0
1570,0.0
1571,0.0
1572,0.0
1573,0.0
1574,0.0
1575,0.0
1576,0.0
1577,0.0
1578,0.0
1579,0.0
1580,0.0
1581,0.0
1582,0.0
1583,0.0
1584,0.0
1585,0.0
1586,0.0
1587,0.0
1588,0.0
1589,0.0
1590,0.0
1591,0.0
1592,0.0
1593,0.0
1594,0.0
1595,0.0
1596,0.0
1597,0.0
1598,0.0
1599,0.0
1600,0.0
1601,0.0
1602,0.0
1603,0.0
1604,0.0
1605,0.0
1606,0.0
1607,0.0
1608,0.0
1609,0.0
1610,0.0
1611,0.0
1612,0.0
1613,0.0
1614,0.0
1615,0.0
1616,0.0
1617,0.0
1618,0.0
1619,0.0
1620,0.0
1621,0.0
1622,0.0
1623,0.0
1624,0.0
1625,0.0
1626,0.0
1627,0.0
1628,0.0
1629,0.0
1630,0.0
1631,0.0
1632,0.0
1633,0.0
1634,0.0
1635,0.0
1636,0.0
1637,0.0
1638,0.0
1639,0.0
1640,0.0
1641,0.0
1642,0.0
1643,0.0
1644,0.0
1645,0.0
1646,0.0
1647,0.0
1648,0.0
1649,0.0
1650,0.0
1651,0.0
1652,0.0
1653,0.0
1654,0.0
1655,0.0
1656,0.0
1657,0.0
1658,0.0
1659,0.0
1660,0.0
1661,0.0
1662,0.0
1663,0.0
1664,0.0
1665,0.0
1666,0.0
1667,0.0
1668,0.0
1669,0.0
1670,0.0
1671,0.0
1672,0.0
1673,0.0
1674,0.0
1675,0.0
1676,0.0
1677,0.0
1678,0.0
1679,0.0
1680,0.0
1681,0.0
1682,0.0
1683,0.0
1684,0.0
1685,0.0
1686,0.0
1687,0.0
1688,0.0
1689,0.0
1690,0.0
1691,0.0
1692,0.0
1693,0.0
1694,0.0
1695,0.0
1696,0.0
1697,0.0
1698,0.0
1699,0.0
1700,0.0
1701,0.0
1702,0.0
1703,0.0
1704,0.0
1705,0.0
1706,0.0
1707,0.0
1708,0.0
1709,0.0
1710,0.0
1711,0.0
1712,0.0
1713,0.0
1714,0.0
1715,0.0
1716,0.0
1717,0.0
1718,0.0
1719,0.0
1720,0.0
1721,0.0
1722,0.0
1723,0.0
1724,0.0
1725,0.0
1726,0.0
1727,0.0
1728,0.0
1729,0.0
1730,0.0
1731,0.0
1732,0.0
1733,0.0
1734,0.0
1735,0.0
1736,0.0
1737,0.0
1738,0.0
1739,0.0
1740,0.0
1741,0.0
1742,0.0
1743,0.0
1744,0.0
1745,0.0
1746,0.0
1747,0.0
1748,0.0
1749,0.0
1750,0.0
1751,0.0
1752,0.0
1753,0.0
1754,0.0
1755,0.0
1756,0.0
1757,0.0
1758,0.0
1759,0.0
1760,0.0
1761,0.0
1762,0.0
1763,0.0
1764,0.0
1765,0.0
1766,0.0
1767,0.0
1768,0.0
1769,0.0
1770,0.0
1771,0.0
1772,0.0
1773,0.0
1774,0.0
1775,0.0
1776,0.0
1777,0.0
1778,0.0
1779,0.0
1780,0.0
1781,0.0
1782,0.0
1783,0.0
1784,0.0
1785,0.0
1786,0.0
1787,0.0
1788,0.0
1789,0.0
1790,0.0
1791,0.0
1792,0.0
1793,0.0
1794,0.0
1795,0.0
1796,0.0
1797,0.0
1798,0.0
1799,0.0
1800,0.0
1801,0.0
1802,0.0
1803,0.0
1804,0.0
1805,0.0
1806,0.0
1807,0.0
1808,0.0
1809,0.0
1810,0.0
1811,0.0
1812,0.0
1813,0.0
1814,0.0
1815,0.0
1816,0.0
1817,0.0
1818,0.0
1819,0.0
1820,0.0
1821,0.0
1822,0.0
1823,0.0
1824,0.0
1825,0.0
1826,0.0
1827,0.0
1828,0.0
1829,0.0
1830,0.0
1831,0.0
1832,0.0
1833,0.0
1834,0.0
1835,0.0
1836,0.0
1837,0.0
1838,0.0
1839,0.0
1840,0.0
1841,0.0
1842,0.0
1843,0.0
1844,0.0
1845,0.0
1846,0.0
1847,0.0
1848,0.0
1849,0.0
1850,0.0
1851,0.0
1852,0.0
1853,0.0
1854,0.0
1855,0.0
1856,0.0
1857,0.0
1858,0.0
1859,0.0
1860,0.0
1861,0.0
1862,0.0
1863,0.0
1864,0.0
1865,0.0
1866,0.0
1867,0.0
1868,0.0
1869,0.0
1870,0.0
1871,0.0
1872,0.0
1873,0.0
1874,0.0
1875,0.0
1876,0.0
1877,0.0
1878,0.0
1879,0.0
1880,0.0
1881,0.0
1882,0.0
1883,0.0
1884,0.0
1885,0.0
1886,0.0
1887,0.0
1888,0.0
1889,0.0
1890,0.0
1891,0.0
1892,0.0
1893,0.0
1894,0.0
1895,0.0
1896,0.0
1897,0.0
1898,0.0
1899,0.0
1900,0.0
1901,0.0
1902,0.0
1903,0.0
1904,0.0
1905,0.0
1906,0.0
1907,0.0
1908,0.0
1909,0.0
1910,0.0
1911,0.0
1912,0.0
1913,0.0
1914,0.0
1915,0.0
1916,0.0
1917,0.0
1918,0.0
1919,0.0
1920,0.0
1921,0.0
1922,0.0
1923,0.0
1924,0.0
1925,0.0
1926,0.0
1927,0.0
1928,0.0
1929,0.0
1930,0.0
1931,0.0
1932,0.0
1933,0.0
1934,0.0
1935,0.0
1936,0.0
1937,0.0
1938,0.0
1939,0.0
1940,0.0
1941,0.0
1942,0.0
1943,0.0
1944,0.0
1945,0.0
1946,0.0
1947,0.0
1948,0.0
1949,0.0
1950,0.0
1951,0.0
1952,0.0
1953,0.0
1954,0.0
1955,0.0
1956,0.0
1957,0.0
1958,0.0
1959,0.0
1960,0.0
1961,0.0
1962,0.0
1963,0.0
1964,0.0
1965,0.0
1966,0.0
1967,0.0
1968,0.0
1969,0.0
1970,0.0
1971,0.0
1972,0.0
1973,0.0
1974,0.0
1975,0.0
1976,0.0
1977,0.0
1978,0.0
1979,0.0
1980,0.0
1981,0.0
1982,0.0
1983,0.0
1984,0.0
1985,0.0
1986,0.0
1987,0.0
1988,0.0
1989,0.0
1990,0.0
1991,0.0
1992,0.0
1993,0.0
1994,0.0
1995,0.0
1996,0.0
1997,0.0
1998,0.0
1999,0.0
2000,0.0
2001,0.0
2002,0.0
2003,0.0
2004,0.0
2005,0.0
2006,0.0
2007,0.0
2008,0.0
2009,0.0
2010,0.0
2011,0.0
2012,0.0
2013,0.0
2014,0.0
2015,0.0
2016,0.0
2017,0.0
2018,0.0
2019,0.0
2020,0.0
2021,0.0
2022,0.0
2023,0.0
2024,0.0
2025,0.0
2026,0.0
2027,0.0
2028,0.0
2029,0.0
2030,0.0
2031,0.0
2032,0.0
2033,0.0
2034,0.0
2035,0.0
2036,0.0
2037,0.0
2038,0.0
2039,0.0
2040,0.0
2041,0.0
2042,0.0
2043,0.0
2044,0.0
2045,0.0
2046,0.0
2047,0.0
2048,0.0
2049,0.0
2050,0.0
2051,0.0
2052,0.0
2053,0.0
2054,0.0
2055,0.0
2056,0.0
2057,0.0
2058,0.0
2059,0.0
2060,0.0
2061,0.0
2062,0.0
2063,0.0
2064,0.0
2065,0.0
2066,0.0
2067,0.0
2068,0.0
2069,0.0
2070,0.0
2071,0.0
2072,0.0
2073,0.0
2074,0.0
2075,0.0
2076,0.0
2077,0.0
2078,0.0
2079,0.0
2080,0.0
2081,0.0
2082,0.0
2083,0.0
2084,0.0
2085,0.0
2086,0.0
2087,0.0
2088,0.0
2089,0.0
2090,0.0
2091,0.0
2092,0.0
2093,0.0
2094,0.0
2095,0.0
2096,0.0
2097,0.0
2098,0.0
2099,0.0
2100,0.0
2101,0.0
2102,0.0
2103,0.0
2104,0.0
2105,0.0
2106,0.0
2107,0.0
2108,0.0
2109,0.0
2110,0.0
2111,0.0
2112,0.0
2113,0.0
2114,0.0
2115,0.0
2116,0.0
2117,0.0
2118,0.0
2119,0.0
2120,0.0
2121,0.0
2122,0.0
2123,0.0
2124,0.0
2125,0.0
2126,0.0
2127,0.0
2128,0.0
2129,0.0
2130,0.0
2131,0.0
2132,0.0
2133,0.0
2134,0.0
2135,0.0
2136,0.0
2137,0.0
2138,0.0
2139,0.0
2140,0.0
2141,0.0
2142,0.0
2143,0.0
2144,0.0
2145,0.0
2146,0.0
2147,0.0
2148,0.0
2149,0.0
2150,0.0
2151,0.0
2152,0.0
2153,0.0
2154,0.0
2155,0.0
2156,0.0
2157,0.0
2158,0.0
2159,0.0
2160,0.0
2161,0.0
2162,0.0
2163,0.0
2164,0.0
2165,0.0
2166,0.0
2167,0.0
2168,0.0
2169,0.0
2170,0.0
2171,0.0
2172,0.0
2173,0.0
2174,0.0
2175,0.0
2176,0.0
2177,0.0
2178,0.0
2179,0.0
2180,0.0
2181,0.0
2182,0.0
2183,0.0
2184,0.0
2185,0.0
2186,0.0
2187,0.0
2188,0.0
2189,0.0
2190,0.0
2191,0.0
2192,0.0
2193,0.0
2194,0.0
2195,0.0
2196,0.0
2197,0.0
2198,0.0
2199,0.0
2200,0.0
2201,0.0
2202,0.0
2203,0.0
2204,0.0
2205,0.0
2206,0.0
2207,0.0
2208,0.0
2209,0.0
2210,0.0
2211,0.0
2212,0.0
2213,0.0
2214,0.0
2215,0.0
2216,0.0
2217,0.0
2218,0.0
2219,0.0
2220,0.0
2221,0.0
2222,0.0
2223,0.0
2224,0.0
2225,0.0
2226,0.0
2227,0.0
2228,0.0
2229,0.0
2230,0.0
2231,0.0
2232,0.0
2233,0.0
2234,0.0
2235,0.0
2236,0.0
2237,0.0
2238,0.0
2239,0.0
2240,0.0
2241,0.0
2242,0.0
2243,0.0
2244,0.0
2245,0.0
2246,0.0
2247,0.0
2248,0.0
2249,0.0
2250,0.0
2251,0.0
2252,0.0
2253,0.0
2254,0.0
2255,0.0
2256,0.0
2257,0.0
2258,0.0
2259,0.0
2260,0.0
2261,0.0
2262,0.0
2263,0.0
2264,0.0
2265,0.0
2266,0.0
2267,0.0
2268,0.0
2269,0.0
2270,0.0
2271,0.0
2272,0.0
2273,0.0
2274,0.0
2275,0.0
2276,0.0
2277,0.0
2278,0.0
2279,0.0
2280,0.0
2281,0.0
2282,0.0
2283,0.0
2284,0.0
2285,0.0
2286,0.0
2287,0.0
2288,0.0
2289,0.0
2290,0.0
2291,0.0
2292,0.0
2293,0.0
2294,0.0
2295,0.0
2296,0.0
2297,0.0
2298,0.0
2299,0.0
2300,0.0
2301,0.0
2302,0.0
2303,0.0
2304,0.0
2305,0.0
2306,0.0
2307,0.0
2308,0.0
2309,0.0
2310,0.0
2311,0.0
2312,0.0
2313,0.0
2314,0.0
2315,0.0
2316,0.0
2317,0.0
2318,0.0
2319,0.0
2320,0.0
2321,0.0
2322,0.0
2323,0.0
2324,0.0
2325,0.0
2326,0.0
2327,0.0
2328,0.0
2329,0.0
2330,0.0
2331,0.0
2332,0.0
2333,0.0
2334,0.0
2335,0.0
2336,0.0
2337,0.0
2338,0.0
2339,0.0
2340,0.0
2341,0.0
2342,0.0
2343,0.0
2344,0.0
2345,0.0
2346,0.0
2347,0.0
2348,0.0
2349,0.0
2350,0.0
2351,0.0
2352,0.0
2353,0.0
2354,0.0
2355,0.0
2356,0.0
2357,0.0
2358,0.0
2359,0.0
2360,0.0
2361,0.0
2362,0.0
2363,0.0
2364,0.0
2365,0.0
2366,0.0
2367,0.0
2368,0.0
2369,0.0
2370,0.0
2371,0.0
2372,0.0
2373,0.0
2374,0.0
2375,0.0
2376,0.0
2377,0.0
2378,0.0
2379,0.0
2380,0.0
2381,0.0
2382,0.0
2383,0.0
2384,0.0
2385,0.0
2386,0.0
2387,0.0
2388,0.0
2389,0.0
2390,0.0
2391,0.0
2392,0.0
2393,0.0
2394,0.0
2395,0.0
2396,0.0
2397,0.0
2398,0.0
2399,0.0
2400,0.0
2401,0.0
2402,0.0
2403,0.0
2404,0.0
2405,0.0
2406,0.0
2407,0.0
2408,0.0
2409,0.0
2410,0.0
2411,0.0
2412,0.0
2413,0.0
2414,0.0
2415,0.0
2416,0.0
2417,0.0
2418,0.0
2419,0.0
2420,0.0
2421,0.0
2422,0.0
2423,0.0
2424,0.0
2425,0.0
2426,0.0
2427,0.0
2428,0.0
2429,0.0
2430,0.0
2431,0.0
2432,0.0
2433,0.0
2434,0.0
2435,0.0
2436,0.0
2437,0.0
2438,0.0
2439,0.0
2440,0.0
2441,0.0
2442,0.0
2443,0.0
2444,0.0
2445,0.0
2446,0.0
2447,0.0
2448,0.0
2449,0.0
2450,0.0
2451,0.0
2452,0.0
2453,0.0
2454,0.0
2455,0.0
2456,0.0
2457,0.0
2458,0.0
2459,0.0
2460,0.0
2461,0.0
2462,0.0
2463,0.0
2464,0.0
2465,0.0
2466,0.0
2467,0.0
2468,0.0
2469,0.0
2470,0.0
2471,0.0
2472,0.0
2473,0.0
2474,0.0
2475,0.0
2476,0.0
2477,0.0
2478,0.0
2479,0.0
2480,0.0
2481,0.0
2482,0.0
2483,0.0
2484,0.0
2485,0.0
2486,0.0
2487,0.0
2488,0.0
2489,0.0
2490,0.0
2491,0.0
2492,0.0
2493,0.0
2494,0.0
2495,0.0
2496,0.0
2497,0.0
2498,0.0
2499,0.0
2500,0.0
2501,0.0
2502,0.0
2503,0.0
2504,0.0
2505,0.0
2506,0.0
2507,0.0
2508,0.0
2509,0.0
2510,0.0
2511,0.0
2512,0.0
2513,0.0
2514,0.0
2515,0.0
2516,0.0
2517,0.0
2518,0.0
2519,0.0
2520,0.0
2521,0.0
2522,0.0
2523,0.0
2524,0.0
2525,0.0
2526,0.0
2527,0.0
2528,0.0
2529,0.0
2530,0.0
2531,0.0
2532,0.0
2533,0.0
2534,0.0
2535,0.0
2536,0.0
2537,0.0
2538,0.0
2539,0.0
2540,0.0
2541,0.0
2542,0.0
2543,0.0
2544,0.0
2545,0.0
2546,0.0
2547,0.0
2548,0.0
2549,0.0
2550,0.0
2551,0.0
2552,0.0
2553,0.0
2554,0.0
2555,0.0
2556,0.0
2557,0.0
2558,0.0
2559,0.0
2560,0.0
2561,0.0
2562,0.0
2563,0.0
2564,0.0
2565,0.0
2566,0.0
2567,0.0
2568,0.0
2569,0.0
2570,0.0
2571,0.0
2572,0.0
2573,0.0
2574,0.0
2575,0.0
2576,0.0
2577,0.0
2578,0.0
2579,0.0
2580,0.0
2581,0.0
2582,0.0
2583,0.0
2584,0.0
2585,0.0
2586,0.0
2587,0.0
2588,0.0
2589,0.0
2590,0.0
2591,0.0
2592,0.0
2593,0.0
2594,0.0
2595,0.0
2596,0.0
2597,0.0
2598,0.0
2599,0.0
2600,0.0
2601,0.0
2602,0.0
2603,0.0
2604,0.0
2605,0.0
2606,0.0
2607,0.0
2608,0.0
2609,0.0
2610,0.0
2611,0.0
2612,0.0
2613,0.0
2614,0.0
2615,0.0
2616,0.0
2617,0.0
2618,0.0
2619,0.0
2620,0.0
2621,0.0
2622,0.0
2623,0.0
2624,0.0
2625,0.0
2626,0.0
2627,0.0
2628,0.0
2629,0.0
2630,0.0
2631,0.0
2632,0.0
2633,0.0
2634,0.0
2635,0.0
2636,0.0
2637,0.0
2638,0.0
2639,0.0
2640,0.0
2641,0.0
2642,0.0
2643,0.0
2644,0.0
2645,0.0
2646,0.0
2647,0.0
2648,0.0
2649,0.0
2650,0.0
2651,0.0
2652,0.0
2653,0.0
2654,0.0
2655,0.0
2656,0.0
2657,0.0
2658,0.0
2659,0.0
2660,0.0
2661,0.0
2662,0.0
2663,0.0
2664,0.0
2665,0.0
2666,0.0
2667,0.0
2668,0.0
2669,0.0
2670,0.0
2671,0.0
2672,0.0
2673,0.0
2674,0.0
2675,0.0
2676,0.0
2677,0.0
2678,0.0
2679,0.0
2680,0.0
2681,0.0
2682,0.0
2683,0.0
2684,0.0
2685,0.0
2686,0.0
2687,0.0
2688,0.0
2689,0.0
2690,0.0
2691,0.0
2692,0.0
2693,0.0
2694,0.0
2695,0.0
2696,0.0
2697,0.0
2698,0.0
2699,0.0
2700,0.0
2701,0.0
2702,0.0
2703,0.0
2704,0.0
2705,0.0
2706,0.0
2707,0.0
2708,0.0
2709,0.0
2710,0.0
2711,0.0
2712,0.0
2713,0.0
2714,0.0
2715,0.0
2716,0.0
2717,0.0
2718,0.0
2719,0.0
2720,0.0
2721,0.0
2722,0.0
2723,0.0
2724,0.0
2725,0.0
2726,0.0
2727,0.0
2728,0.0
2729,0.0
2730,0.0
2731,0.0
2732,0.0
2733,0.0
2734,0.0
2735,0.0
2736,0.0
2737,0.0
2738,0.0
2739,0.0
2740,0.0
2741,0.0
2742,0.0
2743,0.0
2744,0.0
2745,0.0
2746,0.0
2747,0.0
2748,0.0
2749,0.0
2750,0.0
2751,0.0
2752,0.0
2753,0.0
2754,0.0
2755,0.0
2756,0.0
2757,0.0
2758,0.0
2759,0.0
2760,0.0
2761,0.0
2762,0.0
2763,0.0
2764,0.0
2765,0.0
2766,0.0
2767,0.0
2768,0.0
2769,0.0
2770,0.0
2771,0.0
2772,0.0
2773,0.0
2774,0.0
2775,0.0
2776,0.0
2777,0.0
2778,0.0
2779,0.0
2780,0.0
2781,0.0
2782,0.0
2783,0.0
2784,0.0
2785,0.0
2786,0.0
2787,0.0
2788,0.0
2789,0.0
2790,0.0
2791,0.0
2792,0.0
2793,0.0
2794,0.0
2795,0.0
2796,0.0
2797,0.0
2798,0.0
2799,0.0
2800,0.0
2801,0.0
2802,0.0
2803,0.0
2804,0.0
2805,0.0
2806,0.0
2807,0.0
2808,0.0
2809,0.0
2810,0.0
2811,0.0
2812,0.0
2813,0.0
2814,0.0
2815,0.0
2816,0.0
2817,0.0
2818,0.0
2819,0.0
2820,0.0
2821,0.0
2822,0.0
2823,0.0
2824,0.0
2825,0.0
2826,0.0
2827,0.0
2828,0.0
2829,0.0
2830,0.0
2831,0.0
2832,0.0
2833,0.0
2834,0.0
2835,0.0
2836,0.0
2837,0.0
2838,0.0
2839,0.0
2840,0.0
2841,0.0
2842,0.0
2843,0.0
2844,0.0
2845,0.0
2846,0.0
2847,0.0
2848,0.0
2849,0.0
2850,0.0
2851,0.0
2852,0.0
2853,0.0
2854,0.0
2855,0.0
2856,0.0
2857,0.0
2858,0.0
2859,0.0
2860,0.0
2861,0.0
2862,0.0
2863,0.0
2864,0.0
2865,0.0
2866,0.0
2867,0.0
2868,0.0
2869,0.0
2870,0.0
2871,0.0
2872,0.0
2873,0.0
2874,0.0
2875,0.0
2876,0.0
2877,0.0
2878,0.0
2879,0.0
2880,0.0
2881,0.0
2882,0.0
2883,0.0
2884,0.0
2885,0.0
2886,0.0
2887,0.0
2888,0.0
2889,0.0
2890,0.0
2891,0.0
2892,0.0
2893,0.0
2894,0.0
2895,0.0
2896,0.0
2897,0.0
2898,0.0
2899,0.0
2900,0.0
2901,0.0
2902,0.0
2903,0.0
2904,0.0
2905,0.0
2906,0.0
2907,0.0
2908,0.0
2909,0.0
2910,0.0
2911,0.0
2912,0.0
2913,0.0
2914,0.0
2915,0.0
2916,0.0
2917,0.0
2918,0.0
2919,0.0
2920,0.0
2921,0.0
2922,0.0
2923,0.0
2924,0.0
2925,0.0
2926,0.0
2927,0.0
2928,0.0
2929,0.0
2930,0.0
2931,0.0
2932,0.0
2933,0.0
2934,0.0
2935,0.0
2936,0.0
2937,0.0
2938,0.0
2939,0.0
2940,0.0
2941,0.0
2942,0.0
2943,0.0
2944,0.0
2945,0.0
2946,0.0
2947,0.0
2948,0.0
2949,0.0
2950,0.0
2951,0.0
2952,0.0
2953,0.0
2954,0.0
2955,0.0
2956,0.0
2957,0.0
2958,0.0
2959,0.0
2960,0.0
2961,0.0
2962,0.0
2963,0.0
2964,0.0
2965,0.0
2966,0.0
2967,0.0
2968,0.0
2969,0.0
2970,0.0
2971,0.0
2972,0.0
2973,0.0
2974,0.0
2975,0.0
2976,0.0
2977,0.0
2978,0.0
2979,0.0
2980,0.0
2981,0.0
2982,0.0
2983,0.0
2984,0.0
2985,0.0
2986,0.0
2987,0.0
2988,0.0
2989,0.0
2990,0.0
2991,0.0
2992,0.0
2993,0.0
2994,0.0
2995,0.0
2996,0.0
2997,0.0
2998,0.0
2999,0.0
3000,0.0
3001,0.0
3002,0.0
3003,0.0
3004,0.0
3005,0.0
3006,0.0
3007,0.0
3008,0.0
3009,0.0
3010,0.0
3011,0.0
3012,0.0
3013,0.0
3014,0.0
3015,0.0
3016,0.0
3017,0.0
3018,0.0
3019,0.0
3020,0.0
3021,0.0
3022,0.0
3023,0.0
3024,0.0
3025,0.0
3026,0.0
3027,0.0
3028,0.0
3029,0.0
3030,0.0
3031,0.0
3032,0.0
3033,0.0
3034,0.0
3035,0.0
3036,0.0
3037,0.0
3038,0.0
3039,0.0
3040,0.0
3041,0.0
3042,0.0
3043,0.0
3044,0.0
3045,0.0
3046,0.0
3047,0.0
3048,0.0
3049,0.0
3050,0.0
3051,0.0
3052,0.0
3053,0.0
3054,0.0
3055,0.0
3056,0.0
3057,0.0
3058,0.0
3059,0.0
3060,0.0
3061,0.0
3062,0.0
3063,0.0
3064,0.0
3065,0.0
3066,0.0
3067,0.0
3068,0.0
3069,0.0
3070,0.0
3071,0.0
3072,0.0
3073,0.0
3074,0.0
3075,0.0
3076,0.0
3077,0.0
3078,0.0
3079,0.0
3080,0.0
3081,0.0
3082,0.0
3083,0.0
3084,0.0
3085,0.0
3086,0.0
3087,0.0
3088,0.0
3089,0.0
3090,0.0
3091,0.0
3092,0.0
3093,0.0
3094,0.0
3095,0.0
3096,0.0
3097,0.0
3098,0.0
3099,0.0
3100,0.0
3101,0.0
3102,0.0
3103,0.0
3104,0.0
3105,0.0
3106,0.0
3107,0.0
3108,0.0
3109,0.0
3110,0.0
3111,0.0
3112,0.0
3113,0.0
3114,0.0
3115,0.0
3116,0.0
3117,0.0
3118,0.0
3119,0.0
3120,0.0
3121,0.0
3122,0.0
3123,0.0
3124,0.0
3125,0.0
3126,0.0
3127,0.0
3128,0.0
3129,0.0
3130,0.0
3131,0.0
3132,0.0
3133,0.0
3134,0.0
3135,0.0
3136,0.0
3137,0.0
3138,0.0
3139,0.0
3140,0.0
3141,0.0
3142,0.0
3143,0.0
3144,0.0
3145,0.0
3146,0.0
3147,0.0
3148,0.0
3149,0.0
3150,0.0
3151,0.0
3152,0.0
3153,0.0
3154,0.0
3155,0.0
3156,0.0
3157,0.0
3158,0.0
3159,0.0
3160,0.0
3161,0.0
3162,0.0
3163,0.0
3164,0.0
3165,0.0
3166,0.0
3167,0.0
3168,0.0
3169,0.0
3170,0.0
3171,0.0
3172,0.0
3173,0.0
3174,0.0
3175,0.0
3176,0.0
3177,0.0
3178,0.0
3179,0.0
3180,0.0
3181,0.0
3182,0.0
3183,0.0
3184,0.0
3185,0.0
3186,0.0
3187,0.0
3188,0.0
3189,0.0
3190,0.0
3191,0.0
3192,0.0
3193,0.0
3194,0.0
3195,0.0
3196,0.0
3197,0.0
3198,0.0
3199,0.0
3200,0.0
3201,0.0
3202,0.0
3203,0.0
3204,0.0
3205,0.0
3206,0.0
3207,0.0
3208,0.0
3209,0.0
3210,0.0
3211,0.0
3212,0.0
3213,0.0
3214,0.0
3215,0.0
3216,0.0
3217,0.0
3218,0.0
3219,0.0
3220,0.0
3221,0.0
3222,0.0
3223,0.0
3224,0.0
3225,0.0
3226,0.0
3227,0.0
3228,0.0
3229,0.0
3230,0.0
3231,0.0
3232,0.0
3233,0.0
3234,0.0
3235,0.0
3236,0.0
3237,0.0
3238,0.0
3239,0.0
3240,0.0
3241,0.0
3242,0.0
3243,0.0
3244,0.0
3245,0.0
3246,0.0
3247,0.0
3248,0.0
3249,0.0
3250,0.0
3251,0.0
3252,0.0
3253,0.0
3254,0.0
3255,0.0
3256,0.0
3257,0.0
3258,0.0
3259,0.0
3260,0.0
3261,0.0
3262,0.0
3263,0.0
3264,0.0
3265,0.0
3266,0.0
3267,0.0
3268,0.0
3269,0.0
3270,0.0
3271,0.0
3272,0.0
3273,0.0
3274,0.0
3275,0.0
3276,0.0
3277,0.0
3278,0.0
3279,0.0
3280,0.0
3281,0.0
3282,0.0
3283,0.0
3284,0.0
3285,0.0
3286,0.0
3287,0.0
3288,0.0
3289,0.0
3290,0.0
3291,0.0
3292,0.0
3293,0.0
3294,0.0
3295,0.0
3296,0.0
3297,0.0
3298,0.0
3299,0.0
3300,0.0
3301,0.0
3302,0.0
3303,0.0
3304,0.0
3305,0.0
3306,0.0
3307,0.0
3308,0.0
3309,0.0
3310,0.0
3311,0.0
3312,0.0
3313,0.0
3314,0.0
3315,0.0
3316,0.0
3317,0.0
3318,0.0
3319,0.0
3320,0.0
3321,0.0
3322,0.0
3323,0.0
3324,0.0
3325,0.0
3326,0.0
3327,0.0
3328,0.0
3329,0.0
3330,0.0
3331,0.0
3332,0.0
3333,0.0
3334,0.0
3335,0.0
3336,0.0
3337,0.0
3338,0.0
3339,0.0
3340,0.0
3341,0.0
3342,0.0
3343,0.0
3344,0.0
3345,0.0
3346,0.0
3347,0.0
3348,0.0
3349,0.0
3350,0.0
3351,0.0
3352,0.0
3353,0.0
3354,0.0
3355,0.0
3356,0.0
3357,0.0
3358,0.0
3359,0.0
3360,0.0
3361,0.0
3362,0.0
3363,0.0
3364,0.0
3365,0.0
3366,0.0
3367,0.0
3368,0.0
3369,0.0
3370,0.0
3371,0.0
3372,0.0
3373,0.0
3374,0.0
3375,0.0
3376,0.0
3377,0.0
3378,0.0
3379,0.0
3380,0.0
3381,0.0
3382,0.0
3383,0.0
3384,0.0
3385,0.0
3386,0.0
3387,0.0
3388,0.0
3389,0.0
3390,0.0
3391,0.0
3392,0.0
3393,0.0
3394,0.0
3395,0.0
3396,0.0
3397,0.0
3398,0.0
3399,0.0
3400,0.0
3401,0.0
3402,0.0
3403,0.0
3404,0.0
3405,0.0
3406,0.0
3407,0.0
3408,0.0
3409,0.0
3410,0.0
3411,0.0
3412,0.0
3413,0.0
3414,0.0
3415,0.0
3416,0.0
3417,0.0
3418,0.0
3419,0.0
3420,0.0
3421,0.0
3422,0.0
3423,0.0
3424,0.0
3425,0.0
3426,0.0
3427,0.0
3428,0.0
3429,0.0
3430,0.0
3431,0.0
3432,0.0
3433,0.0
3434,0.0
3435,0.0
3436,0.0
3437,0.0
3438,0.0
3439,0.0
3440,0.0
3441,0.0
3442,0.0
3443,0.0
3444,0.0
3445,0.0
3446,0.0
3447,0.0
3448,0.0
3449,0.0
3450,0.0
3451,0.0
3452,0.0
3453,0.0
3454,0.0
3455,0.0
3456,0.0
3457,0.0
3458,0.0
3459,0.0
3460,0.0
3461,0.0
3462,0.0
3463,0.0
3464,0.0
3465,0.0
3466,0.0
3467,0.0
3468,0.0
3469,0.0
3470,0.0
3471,0.0
3472,0.0
3473,0.0
3474,0.0
3475,0.0
3476,0.0
3477,0.0
3478,0.0
3479,0.0
3480,0.0
3481,0.0
3482,0.0
3483,0.0
3484,0.0
3485,0.0
3486,0.0
3487,0.0
3488,0.0
3489,0.0
3490,0.0
3491,0.0
3492,0.0
3493,0.0
3494,0.0
3495,0.0
3496,0.0
3497,0.0
3498,0.0
3499,0.0
3500,0.0
3501,0.0
3502,0.0
3503,0.0
3504,0.0
3505,0.0
3506,0.0
3507,0.0
3508,0.0
3509,0.0
3510,0.0
3511,0.0
3512,0.0
3513,0.0
3514,0.0
3515,0.0
3516,0.0
3517,0.0
3518,0.0
3519,0.0
3520,0.0
3521,0.0
3522,0.0
3523,0.0
3524,0.0
3525,0.0
3526,0.0
3527,0.0
3528,0.0
3529,0.0
3530,0.0
3531,0.0
3532,0.0
3533,0.0
3534,0.0
3535,0.0
3536,0.0
3537,0.0
3538,0.0
3539,0.0
3540,0.0
3541,0.0
3542,0.0
3543,0.0
3544,0.0
3545,0.0
3546,0.0
3547,0.0
3548,0.0
3549,0.0
3550,0.0
3551,0.0
3552,0.0
3553,0.0
3554,0.0
3555,0.0
3556,0.0
3557,0.0
3558,0.0
3559,0.0
3560,0.0
3561,0.0
3562,0.0
3563,0.0
3564,0.0
3565,0.0
3566,0.0
3567,0.0
3568,0.0
3569,0.0
3570,0.0
3571,0.0
3572,0.0
3573,0.0
3574,0.0
3575,0.0
3576,0.0
3577,0.0
3578,0.0
3579,0.0
3580,0.0
3581,0.0
3582,0.0
3583,0.0
3584,0.0
3585,0.0
3586,0.0
3587,0.0
3588,0.0
3589,0.0
3590,0.0
3591,0.0
3592,0.0
3593,0.0
3594,0.0
3595,0.0
3596,0.0
3597,0.0
3598,0.0
3599,0.5415956842703009
3600,0.5252697331061896
3601,0.5792163543441227
3602,0.5910704145371948
3603,0.5561470755252698
3604,0.5635292447473027
3605,0.6237932992617831
3606,0.5496166950596252
3607,0.5954713231118682
3608,0.6492759795570698
3609,0.543015332197615
3610,0.6061186825667234
3611,0.626916524701874
3612,0.6110874503123226
3613,0.6348665530948325
3614,0.6321692220329358
3615,0.6354344122657581
3616,0.6435973878478137
3617,0.7284923339011925
3618,0.6545996592844975
3619,0.6091709256104486
3620,0.712947189097104
3621,0.6732680295286769
3622,0.6721323111868257
3623,0.7063458262350937
3624,0.7612152186257808
3625,0.7591567291311755
3626,0.6156303236797275
3627,0.7420499716070414
3628,0.7793867120954003
3629,0.6795854628052242
3630,0.8241766042021579
3631,0.7251561612720046
3632,0.6677314026121521
3633,0.7857041453719478
3634,0.7235235661555934
3635,0.7460249858035207
3636,0.7070556501987507
3637,0.686541737649063
3638,0.7891113003975014
3639,0.657084043157297
3640,0.6722032935831914
3641,0.789679159568427
3642,0.6224446337308348
3643,0.7015900056785918
3644,0.8078506530380466
3645,0.6284071550255537
3646,0.663259511641113
3647,0.7529812606473595
3648,0.6981828506530381
3649,0.6788756388415673
3650,0.6966212379329926
3651,0.7177030096536059
3652,0.6791595684270301
3653,0.6846252129471891
3654,0.7010221465076661
3655,0.6282651902328222
3656,0.6750425894378195
3657,0.6827086882453152
3658,0.6245741056218058
3659,0.6485661555934128
3660,0.6210959681998864
3661,0.6242191936399772
3662,0.610022714366837
3663,0.5843270868824532
3664,0.573892674616695
3665,0.5357751277683135
3666,0.5561470755252698
3667,0.5288898353208404
3668,0.48828790459965926
3669,0.47437535491198185
3670,0.4770726859738785
3671,0.46550255536626917
3672,0.42113855763770586
3673,0.4014054514480409
3674,0.3701731970471323
3675,0.3865701306076093
3676,0.360732538330494
3677,0.2820130607609313
3678,0.30252697331061895
3679,0.3045854628052243
3680,0.24801249290176036
3681,0.260931289040318
3682,0.23736513344690516
3683,0.2286342986939239
3684,0.24758659852356615
3685,0.19718909710391821
3686,0.2572402044293015
3687,0.2495741056218058
3688,0.1959823963657013
3689,0.2820130607609313
3690,0.29131175468483816
3691,0.26256388415672915
3692,0.2717206132879046
3693,0.287549687677456
3694,0.3483106189664963
3695,0.35015616127200455
3696,0.32729982964224874
3697,0.39153889835320843
3698,0.40609028960817717
3699,0.40985235661555935
3700,0.40992333901192507
3701,0.44207836456558774
3702,0.5457126632595116
3703,0.46997444633730834
3704,0.4784213515048268
3705,0.545144804088586
3706,0.5367688813174333
3707,0.6164821124361158
3708,0.5234241908006815
3709,0.605763770584895
3710,0.6919363997728564
3711,0.5216496308915389
3712,0.6565871663827371
3713,0.7061328790459966
3714,0.6808631459398069
3715,0.7099659284497445
3716,0.6614849517319704
3717,0.8011783077796707
3718,0.729344122657581
3719,0.7316155593412834
3720,0.8297842135150483
3721,0.7007382169222033
3722,0.8597387847813742
3723,0.8840147643384441
3724,0.654457694491766
3725,0.8659852356615559
3726,0.982893242475866
3727,0.5878762067007383
3728,0.872870528109029
3729,0.9806218057921635
3730,0.6511215218625781
3731,0.8689664963089154
3732,0.7438955139125497
3733,0.9162407722884724
3734,0.7512776831345827
3735,0.685122089721749
3736,1.0
3737,0.5775127768313458
3738,0.8375212947189097
3739,0.8802526973310619
3740,0.611939239068711
3741,0.7076235093696763
3742,0.8595258375922771
3743,0.6776689381033504
3744,0.5481970471323112
3745,0.9702583759227712
3746,0.5183844406587166
3747,0.6184696195343555
3748,0.8842277115275412
3749,0.49148211243611584
3750,0.7079074389551391
3751,0.6742617830777967
3752,0.6610590573537762
3753,0.6103776263486655
3754,0.6125780806360023
3755,0.7625638841567292
3756,0.51568710959682
3757,0.6655309483248154
3758,0.7593696763202725
3759,0.5129187961385576
3760,0.5884440658716639
3761,0.6668796138557638
3762,0.6169789892106757
3763,0.5554372515616127
3764,0.5876632595116411
3765,0.5804230550823396
3766,0.5063174332765474
3767,0.5191652470187393
3768,0.5386144236229415
3769,0.4841709256104486
3770,0.37649063032367974
3771,0.4545712663259512
3772,0.45897217490062464
3773,0.35150482680295286
3774,0.37911697898921065
3775,0.3938103350369108
3776,0.3163685406019307
3777,0.3090573537762635
3778,0.321763202725724
3779,0.3438387279954571
3780,0.35086598523566154
3781,0.2606473594548552
3782,0.31118682566723455
3783,0.3260931289040318
3784,0.31835604770017034
3785,0.34454855195911416
3786,0.3093412833617263
3787,0.33879897785349233
3788,0.33830210107893244
3789,0.33894094264622376
3790,0.3658432708688245
3791,0.3491624077228847
3792,0.3683276547416241
3793,0.40339295854628054
3794,0.38884156729131175
3795,0.3693923906871096
3796,0.3809625212947189
3797,0.4307211811470755
3798,0.3983532084043157
3799,0.37173480976717777
3800,0.462450312322544
3801,0.4148211243611584
3802,0.39402328222600796
3803,0.4760789324247587
3804,0.438458262350937
3805,0.42639125496876773
3806,0.4578364565587734
3807,0.48019591141396933
3808,0.4822544009085747
3809,0.509511641113004
3810,0.5165388983532084
3811,0.47991198182850653
3812,0.5364139693356048
3813,0.5325099375354913
3814,0.5356331629755821
3815,0.6018597387847814
3816,0.5712663259511641
3817,0.5609738784781374
3818,0.592915956842703
3819,0.6364991482112436
3820,0.622160704145372
3821,0.625709823963657
3822,0.6746876774559909
3823,0.6183276547416241
3824,0.6905167518455423
3825,0.6969761499148212
3826,0.6472884724588303
3827,0.7271436683702441
3828,0.6731970471323112
3829,0.7334611016467916
3830,0.7920215786484952
3831,0.6823537762634867
3832,0.7159284497444633
3833,0.821763202725724
3834,0.743114707552527
3835,0.6767461669505963
3836,0.7821550255536627
3837,0.7707268597387847
3838,0.6915814877910278
3839,0.68725156161272
3840,0.71912265758092
3841,0.6942788188529245
3842,0.6499148211243612
3843,0.6859028960817717
3844,0.6707836456558773
3845,0.6355053946621237
3846,0.6452299829642248
3847,0.6438813174332766
3848,0.6595684270300965
3849,0.661130039750142
3850,0.6483532084043158
3851,0.6988216922203293
3852,0.6785207268597387
3853,0.7066297558205565
3854,0.7904599659284497
3855,0.745741056218058
3856,0.7477285633162976
3857,0.748083475298126
3858,0.7974872231686542
3859,0.8506530380465644
3860,0.8049403747870528
3861,0.810122089721749
3862,0.8098381601362862
3863,0.8180721181147076
3864,0.8253123225440091
3865,0.7672487223168655
3866,0.7738500851788757
3867,0.8206984667802385
3868,0.7208972174900624
3869,0.712450312322544
3870,0.790885860306644
3871,0.6560193072118115
3872,0.6097387847813742
3873,0.6908716638273709
3874,0.625709823963657
3875,0.6090999432140829
3876,0.595542305508234
3877,0.5066013628620102
3878,0.5599091425326519
3879,0.5452867688813174
3880,0.46507666098807493
3881,0.4351930721181147
3882,0.4351930721181147
3883,0.4413685406019307
3884,0.39317149346961955
3885,0.3987081203861442
3886,0.3322685973878478
3887,0.32460249858035206
3888,0.3473168654173765
3889,0.3048693923906871
3890,0.30756672345258373
3891,0.2954287336740488
3892,0.30224304372515615
3893,0.26568710959682
3894,0.2734241908006814
3895,0.3050823395797842
3896,0.3151618398637138
3897,0.32488642816581487
3898,0.3121095968199886
3899,0.3489494605337876
3900,0.3849375354911982
3901,0.3914679159568427
3902,0.3868540601930721
3903,0.45336456558773425
3904,0.46394094264622376
3905,0.42163543441226575
3906,0.5036201022146508
3907,0.48055082339579785
3908,0.47494321408290746
3909,0.5797842135150483
3910,0.5400340715502555
3911,0.4943923906871096
3912,0.5162549687677456
3913,0.5555792163543442
3914,0.5941936399772856
3915,0.548480976717774
3916,0.5141254968767746
3917,0.5550113571834185
3918,0.5726859738784781
3919,0.5848239636570131
3920,0.5666524701873935
3921,0.5265474162407723
3922,0.5900056785917093
3923,0.6000851788756388
3924,0.5289608177172062
3925,0.561328790459966
3926,0.6157722884724588
3927,0.6176178307779671
3928,0.5790743895513912
3929,0.5843980692788189
3930,0.6166240772288473
3931,0.5793583191368541
3932,0.6183276547416241
3933,0.5985235661555934
3934,0.565587734241908
3935,0.6528250993753549
3936,0.6036342986939239
3937,0.5885150482680296
3938,0.6260647359454855
3939,0.6301107325383305
3940,0.6241482112436116
3941,0.592915956842703
3942,0.6393384440658717
3943,0.6184696195343555
3944,0.6201731970471324
3945,0.642106757524134
3946,0.646152754116979
3947,0.6651050539466212
3948,0.6091709256104486
3949,0.6569420783645656
3950,0.7013770584894946
3951,0.686328790459966
3952,0.6941368540601931
3953,0.6892390687109596
3954,0.7062038614423622
3955,0.729344122657581
3956,0.7358035207268597
3957,0.758304940374787
3958,0.7664679159568427
3959,0.7468057921635435
3960,0.7967064168086314
3961,0.7590147643384441
3962,0.7480124929017604
3963,0.8236087450312323
3964,0.7145797842135151
3965,0.694633730834753
3966,0.7960675752413402
3967,0.7189097103918228
3968,0.6650340715502555
3969,0.6939948892674617
3970,0.6788756388415673
3971,0.6812180579216355
3972,0.6503407155025553
3973,0.5496166950596252
3974,0.5555082339579784
3975,0.6132169222032936
3976,0.49041737649063033
3977,0.5078790459965928
3978,0.5765900056785918
3979,0.4573395797842135
3980,0.45854628052243046
3981,0.42128052243043723
3982,0.39416524701873934
3983,0.5003549119818285
3984,0.43320556501987506
3985,0.32907438955139123
3986,0.3811044860874503
3987,0.3746450880181715
3988,0.37798126064735943
3989,0.36868256672345256
3990,0.33943781942078366
3991,0.3671919363997729
3992,0.2552526973310619
3993,0.3487365133446905
3994,0.3533503691084611
3995,0.19768597387847814
3996,0.3806785917092561
3997,0.33993469619534356
3998,0.2220329358319137
3999,0.34880749574105624
4000,0.360732538330494
4001,0.28613003975014195
4002,0.32431856899488926
4003,0.364068710959682
4004,0.39239068710959685
4005,0.47111016467915956
4006,0.33837308347529815
4007,0.3736513344690517
4008,0.5752413401476434
4009,0.47075525269733104
4010,0.46862578080636
4011,0.5534497444633731
4012,0.5255536626916525
4013,0.587450312322544
4014,0.5773708120386144
4015,0.5672913117546848
4016,0.6350085178875639
4017,0.6029954571266326
4018,0.6335888699602499
4019,0.6525411697898921
4020,0.6274843838727996
4021,0.6781658148779103
4022,0.6460107893242476
4023,0.6356473594548552
4024,0.6791595684270301
4025,0.686541737649063
4026,0.6546706416808632
4027,0.6545996592844975
4028,0.7135860306643952
4029,0.658503691084611
4030,0.6437393526405452
4031,0.681076093128904
4032,0.665885860306644
4033,0.6900198750709824
4034,0.6443072118114708
4035,0.608603066439523
4036,0.7093980692788189
4037,0.6659568427030097
4038,0.6153463940942646
4039,0.6866837024417944
4040,0.6332339579784213
4041,0.6538898353208404
4042,0.6350795002839296
4043,0.6856189664963089
4044,0.6965502555366269
4045,0.6205281090289608
4046,0.7572402044293015
4047,0.6926462237365133
4048,0.7177739920499716
4049,0.7665388983532084
4050,0.7115275411697899
4051,0.8082055650198751
4052,0.7885434412265758
4053,0.7622089721749006
4054,0.8420641680863146
4055,0.8243185689948893
4056,0.7612862010221465
4057,0.8559767177739921
4058,0.8336882453151618
4059,0.7783219761499148
4060,0.847671777399205
4061,0.8197756956274844
4062,0.806076093128904
4063,0.8121805792163543
4064,0.7979131175468483
4065,0.801320272572402
4066,0.7982680295286769
4067,0.7829358319136854
4068,0.7455990914253265
4069,0.7393526405451448
4070,0.7251561612720046
4071,0.7054230550823396
4072,0.7274985803520727
4073,0.6739068710959683
4074,0.6252839295854627
4075,0.6629045996592845
4076,0.6190374787052811
4077,0.5718341851220897
4078,0.6063316297558206
4079,0.5436541737649063
4080,0.5209398069278819
4081,0.5411697898921067
4082,0.5119250425894378
4083,0.5486229415105054
4084,0.4735945485519591
4085,0.46429585462805223
4086,0.5680721181147076
4087,0.5059625212947189
4088,0.4295854628052243
4089,0.47650482680295286
4090,0.5467773992049971
4091,0.46301817149346963
4092,0.4518739352640545
4093,0.5513912549687677
4094,0.49772856331629756
4095,0.471252129471891
4096,0.5234951731970471
4097,0.524488926746167
4098,0.46358603066439524
4099,0.47082623509369675
4100,0.5228563316297559
4101,0.4878620102214651
4102,0.48161555934128336
4103,0.4991482112436116
4104,0.4927597955706985
4105,0.5029812606473595
4106,0.45421635434412266
4107,0.4629471890971039
4108,0.5254116978989211
4109,0.444633730834753
4110,0.47089721749006247
4111,0.47998296422487224
4112,0.3854344122657581
4113,0.4787762634866553
4114,0.4399488926746167
4115,0.3793299261783078
4116,0.42624929017603636
4117,0.40254116978989213
4118,0.40658716638273706
4119,0.3664111300397501
4120,0.3962237365133447
4121,0.3857183418512209
4122,0.35420215786484954
4123,0.3925326519023282
4124,0.39373935264054516
4125,0.4308631459398069
4126,0.38103350369108463
4127,0.39934696195343555
4128,0.4540034071550256
4129,0.4273850085178876
4130,0.4752981260647359
4131,0.46351504826802953
4132,0.4398069278818853
4133,0.5136996024985804
4134,0.5275411697898921
4135,0.5003549119818285
4136,0.5598381601362862
4137,0.5592703009653606
4138,0.5333617262918796
4139,0.6010789324247586
4140,0.594335604770017
4141,0.6020726859738785
4142,0.6152044293015332
4143,0.5988784781374219
4144,0.6634724588302101
4145,0.6415388983532084
4146,0.6132169222032936
4147,0.6500567859170926
4148,0.6256388415672913
4149,0.6268455423055083
4150,0.6539608177172062
4151,0.622160704145372
4152,0.5811328790459966
4153,0.606686541737649
4154,0.627129471890971
4155,0.5494037478705281
4156,0.5846819988642816
4157,0.639267461669506
4158,0.5002839295854627
4159,0.5162549687677456
4160,0.5672913117546848
4161,0.5212947189097104
4162,0.5397501419647928
4163,0.4671351504826803
4164,0.5050397501419648
4165,0.511641113003975
4166,0.45925610448608745
4167,0.5574247586598523
4168,0.46564452015900054
4169,0.4452725724020443
4170,0.5354202157864849
4171,0.5149063032367973
4172,0.49283077796706415
4173,0.5032651902328222
4174,0.5660846110164679
4175,0.4980834752981261
4176,0.4884298693923907
4177,0.6019307211811471
4178,0.5901476433844407
4179,0.5736087450312323
4180,0.6011499148211243
4181,0.5865275411697899
4182,0.6294718909710392
4183,0.6478563316297559
4184,0.6113003975014196
4185,0.6760363429869393
4186,0.6862578080636003
4187,0.6889551391254969
4188,0.7270017035775128
4189,0.6754684838160137
4190,0.6873935264054515
4191,0.7374361158432708
4192,0.6903747870528109
4193,0.6732680295286769
4194,0.7142248722316865
4195,0.6499148211243612
4196,0.633304940374787
4197,0.6866837024417944
4198,0.6059057353776264
4199,0.5667234525837592
4200,0.5992333901192505
4201,0.6138557637705849
4202,0.5507524134014764
4203,0.5180295286768881
4204,0.5910704145371948
4205,0.5445769449176604
4206,0.5397501419647928
4207,0.5256956274843839
4208,0.5158290743895514
4209,0.5822685973878479
4210,0.5385434412265758
4211,0.5427314026121521
4212,0.5430863145939807
4213,0.5521720613287905
4214,0.5667234525837592
4215,0.5739636570130607
4216,0.5979557069846678
4217,0.5462095400340715
4218,0.5789324247586598
4219,0.5757382169222033
4220,0.610519591141397
4221,0.6574389551391255
4222,0.5728279386712095
4223,0.6675184554230551
4224,0.6653889835320841
4225,0.5985235661555934
4226,0.7349517319704714
4227,0.6805082339579784
4228,0.6546706416808632
4229,0.7238784781374219
4230,0.6488500851788757
4231,0.7213231118682567
4232,0.6948466780238501
4233,0.6586456558773425
4234,0.6869676320272572
4235,0.6546706416808632
4236,0.7005252697331061
4237,0.6039182282793867
4238,0.696053378762067
4239,0.6059767177739921
4240,0.6571550255536627
4241,0.7186967632027257
4242,0.44612436115843274
4243,0.7807353776263487
4244,0.5490488358886996
4245,0.5283929585462805
4246,0.7815871663827371
4247,0.42915956842703007
4248,0.6693639977285634
4249,0.628336172629188
4250,0.560831913685406
4251,0.6547416240772288
4252,0.5496166950596252
4253,0.691297558205565
4254,0.5708404315729699
4255,0.5905025553662692
4256,0.7128762067007383
4257,0.6044860874503123
4258,0.6647501419647928
4259,0.6153463940942646
4260,0.6208830210107893
4261,0.7168512208972175
4262,0.6127910278250994
4263,0.6677314026121521
4264,0.6394094264622374
4265,0.5676462237365133
4266,0.6637563884156729
4267,0.6127910278250994
4268,0.5474162407722885
4269,0.5564310051107325
4270,0.5941936399772856
4271,0.518526405451448
4272,0.5098665530948325
4273,0.528534923339012
4274,0.4182992617830778
4275,0.5156161272004542
4276,0.46415388983532085
4277,0.37670357751277683
4278,0.4312180579216354
4279,0.3908290743895514
4280,0.41567291311754684
4281,0.3747160704145372
4282,0.37940090857467346
4283,0.40034071550255534
4284,0.36037762634866555
4285,0.3900482680295287
4286,0.3748580352072686
4287,0.3879187961385576
4288,0.3983532084043157
4289,0.37890403180011356
4290,0.3769165247018739
4291,0.3940942646223736
4292,0.41971890971039183
4293,0.41013628620102216
4294,0.39452015900056786
4295,0.40545144804088584
4296,0.42589437819420783
4297,0.4082907438955139
4298,0.4386712095400341
4299,0.4344832481544577
4300,0.438458262350937
4301,0.4411555934128336
4302,0.42617830777967064
4303,0.49588302101078935
4304,0.4399488926746167
4305,0.4448466780238501
4306,0.49765758091993184
4307,0.5134156729131175
4308,0.5278250993753549
4309,0.46408290743895514
4310,0.5561470755252698
4311,0.567717206132879
4312,0.5144094264622374
4313,0.6007240204429302
4314,0.5640971039182283
4315,0.571053378762067
4316,0.6299687677455991
4317,0.5909284497444633
4318,0.6000851788756388
4319,0.6210959681998864
4320,0.6545996592844975
4321,0.6702157864849517
4322,0.6113713798977853
4323,0.6504826802952868
4324,0.6973310618966496
4325,0.6728421351504826
4326,0.6846961953435547
4327,0.6871805792163543
4328,0.6942788188529245
4329,0.6893100511073254
4330,0.7446053378762068
4331,0.7011641113003975
4332,0.6705706984667802
4333,0.743824531516184
4334,0.6785207268597387
4335,0.71862578080636
4336,0.6609880749574105
4337,0.685122089721749
4338,0.7509937535491198
4339,0.6164111300397501
4340,0.6726291879613856
4341,0.6736229415105054
4342,0.6583617262918796
4343,0.6597813742191937
4344,0.6560193072118115
4345,0.67206132879046
4346,0.60171777399205
4347,0.6491340147643384
4348,0.6638273708120386
4349,0.604344122657581
4350,0.5880891538898353
4351,0.6000851788756388
4352,0.6248580352072686
4353,0.5927030096536059
4354,0.5807779670641681
4355,0.5486939239068711
4356,0.5201590005678591
4357,0.5277541169789892
4358,0.5090147643384441
4359,0.5381885292447472
4360,0.45769449176604204
4361,0.4209965928449744
4362,0.5140545144804088
4363,0.4519449176604202
4364,0.4129045996592845
4365,0.4183702441794435
4366,0.40012776831345825
4367,0.4516609880749574
4368,0.40601930721181145
4369,0.38777683134582625
4370,0.41489210675752414
4371,0.3753549119818285
4372,0.4559909142532652
4373,0.43796138557637704
4374,0.3882027257240204
4375,0.4061612720045429
4376,0.41382737081203863
4377,0.5051817149346962
4378,0.41893810335036913
4379,0.44271720613287907
4380,0.5420215786484952
4381,0.420144804088586
4382,0.5188813174332766
4383,0.5550113571834185
4384,0.45386144236229414
4385,0.5756672345258376
4386,0.5722600795002839
4387,0.48026689381033505
4388,0.5834752981260647
4389,0.6097387847813742
4390,0.5269733106189665
4391,0.5743185689948893
4392,0.5951873935264055
4393,0.6093838727995458
4394,0.6269875070982396
4395,0.573892674616695
4396,0.5842561044860874
4397,0.6254258943781942
4398,0.6567291311754685
4399,0.6347955706984668
4400,0.646152754116979
4401,0.6574389551391255
4402,0.6331629755820557
4403,0.6612010221465077
4404,0.669434980124929
4405,0.7137279954571266
4406,0.6917234525837592
4407,0.6566581487791028
4408,0.748083475298126
4409,0.7858461101646792
4410,0.7154315729699035
4411,0.713869960249858
4412,0.8157296990346394
4413,0.7992617830777967
4414,0.764267461669506
4415,0.779954571266326
4416,0.8074247586598523
4417,0.8190658716638274
4418,0.8320556501987507
4419,0.8322685973878479
4420,0.7323963657013061
4421,0.8500141964792731
4422,0.8613713798977853
4423,0.7374361158432708
4424,0.8104770017035775
4425,0.7804514480408858
4426,0.8238216922203293
4427,0.7822969903463941
4428,0.6893810335036911
4429,0.7867688813174333
4430,0.7544718909710392
4431,0.6822118114707553
4432,0.6692930153321976
4433,0.6506246450880182
4434,0.6700028392958546
4435,0.6751845542305508
4436,0.5415247018739353
4437,0.5675752413401477
4438,0.6288330494037478
4439,0.5428733674048836
4440,0.5253407155025553
4441,0.44818285065303803
4442,0.5215076660988075
4443,0.49744463373083475
4444,0.42191936399772856
4445,0.4734525837592277
4446,0.3694633730834753
4447,0.40878762067007385
4448,0.4136854060193072
4449,0.30224304372515615
4450,0.3604486087450312
4451,0.43803236797274275
4452,0.33383021010789327
4453,0.26767461669505965
4454,0.3185689948892675
4455,0.33319136854060194
4456,0.3327654741624077
4457,0.2991198182850653
4458,0.325809199318569
4459,0.3418512208972175
4460,0.3373793299261783
4461,0.34312890403180013
4462,0.3706700738216922
4463,0.3529954571266326
4464,0.3309199318568995
4465,0.48047984099943214
4466,0.4400908574673481
4467,0.34937535491198185
4468,0.49829642248722317
4469,0.4957410562180579
4470,0.4523708120386144
4471,0.5807069846678024
4472,0.559412265758092
4473,0.5314452015900056
4474,0.5954003407155025
4475,0.5972458830210108
4476,0.6792305508233958
4477,0.6791595684270301
4478,0.6010789324247586
4479,0.6834185122089722
4480,0.7278534923339012
4481,0.6433844406587166
4482,0.709114139693356
4483,0.7482254400908575
4484,0.6939948892674617
4485,0.7291311754684838
4486,0.7233106189664963
4487,0.7539040318001136
4488,0.7221039182282794
4489,0.7228137421919364
4490,0.7938671209540034
4491,0.677526973310619
4492,0.6795144804088586
4493,0.797771152754117
4494,0.7013060760931289
4495,0.6303236797274276
4496,0.7178449744463373
4497,0.713160136286201
4498,0.6102356615559341
4499,0.6115133446905168
4500,0.6426746166950597
4501,0.5756672345258376
4502,0.5913543441226575
4503,0.5248438387279954
4504,0.47522714366837027
4505,0.5264054514480409
4506,0.43888415672913117
4507,0.4616695059625213
4508,0.4233390119250426
4509,0.38479557069846676
4510,0.40176036342986937
4511,0.3583901192504259
4512,0.40985235661555935
4513,0.3011073253833049
4514,0.35505394662123796
4515,0.4193639977285633
4516,0.25354911981828504
4517,0.39068710959682
4518,0.4419363997728563
4519,0.3062180579216354
4520,0.3841567291311755
4521,0.4456274843838728
4522,0.39877910278250994
4523,0.4230550823395798
4524,0.46465076660988075
4525,0.46543157296990345
4526,0.4602498580352073
4527,0.4510221465076661
4528,0.5058915388983533
4529,0.5008517887563884
4530,0.4745173197047132
4531,0.5295996592844975
4532,0.48431289040318
4533,0.49744463373083475
4534,0.5542305508233958
4535,0.5326519023282226
4536,0.5132027257240205
4537,0.4873651334469052
4538,0.5682140829074389
4539,0.5467773992049971
4540,0.4846678023850085
4541,0.5602640545144804
4542,0.5579926178307779
4543,0.5316581487791028
4544,0.5191652470187393
4545,0.5511783077796707
4546,0.5814877910278251
4547,0.5534497444633731
4548,0.5589153889835321
4549,0.578648495173197
4550,0.5544434980124929
4551,0.5838302101078933
4552,0.6346536059057354
4553,0.5917802385008518
4554,0.5869534355479841
4555,0.6362152186257808
4556,0.6543157296990346
4557,0.6063316297558206
4558,0.644236229415105
4559,0.6825667234525837
4560,0.6277683134582623
4561,0.6668086314593981
4562,0.6797984099943214
4563,0.6550965360590574
4564,0.6726291879613856
4565,0.6889551391254969
4566,0.6750425894378195
4567,0.706984667802385
4568,0.72671777399205
4569,0.715076660988075
4570,0.7526973310618966
4571,0.7190516751845543
4572,0.7389977285633162
4573,0.7703719477569563
4574,0.7610022714366838
4575,0.7819420783645656
4576,0.7675326519023282
4577,0.7532651902328222
4578,0.7933702441794435
4579,0.8202015900056786
4580,0.7647643384440659
4581,0.8040885860306644
4582,0.7890403180011357
4583,0.7560335036910846
4584,0.8344690516751846
4585,0.7646223736513345
4586,0.7469477569562748
4587,0.8023140261215219
4588,0.7442504258943782
4589,0.7309057353776264
4590,0.7472316865417377
4591,0.712947189097104
4592,0.725298126064736
4593,0.7174190800681431
4594,0.6630465644520159
4595,0.6687961385576378
4596,0.6550255536626917
4597,0.6393384440658717
4598,0.6520442930153322
4599,0.6157722884724588
4600,0.5921351504826803
4601,0.6252129471890971
4602,0.6130749574105622
4603,0.5792163543441227
4604,0.6183276547416241
4605,0.6227995457126633
4606,0.595045428733674
4607,0.6269875070982396
4608,0.6137137989778535
4609,0.6489920499716071
4610,0.6267035775127768
4611,0.5684270300965361
4612,0.6881033503691084
4613,0.6345826235093697
4614,0.5973168654173765
4615,0.6700028392958546
4616,0.6303236797274276
4617,0.6536059057353776
4618,0.6614139693356048
4619,0.6355053946621237
4620,0.6566581487791028
4621,0.6389835320840431
4622,0.6279812606473595
4623,0.6615559341283361
4624,0.6111584327086882
4625,0.6103776263486655
4626,0.6533219761499148
4627,0.6183986371379898
4628,0.5864565587734242
4629,0.6110874503123226
4630,0.6168370244179443
4631,0.5832623509369677
4632,0.5772998296422487
4633,0.5797842135150483
4634,0.5842561044860874
4635,0.5096536059057354
4636,0.5555082339579784
4637,0.5658006814310051
4638,0.4629471890971039
4639,0.5256956274843839
4640,0.5405309483248154
4641,0.4784923339011925
4642,0.461740488358887
4643,0.5056076093128904
4644,0.5044009085746735
4645,0.4760789324247587
4646,0.43696763202725725
4647,0.4445627484383873
4648,0.5081629755820557
4649,0.4547842135150483
4650,0.41553094832481546
4651,0.4238358886996025
4652,0.461740488358887
4653,0.44846678023850084
4654,0.4070130607609313
4655,0.4253265190232822
4656,0.4409426462237365
4657,0.4138983532084043
4658,0.3973594548551959
4659,0.48566155593412835
4660,0.44662123793299263
4661,0.38813174332765477
4662,0.4437819420783646
4663,0.4581203861442362
4664,0.44449176604202156
4665,0.4301533219761499
4666,0.4457694491766042
4667,0.41439522998296424
4668,0.43718057921635434
4669,0.44690516751845544
4670,0.40090857467348096
4671,0.4019733106189665
4672,0.370244179443498
4673,0.4255394662123793
4674,0.4136144236229415
4675,0.34178023850085176
4676,0.3739352640545145
4677,0.3707410562180579
4678,0.3642816581487791
4679,0.3738642816581488
4680,0.3414253265190233
4681,0.3410704145371948
4682,0.38834469051675186
4683,0.3599517319704713
4684,0.36115843270868825
4685,0.38337592277115273
4686,0.3631459398069279
4687,0.36697898921067573
4688,0.3969335604770017
4689,0.4187961385576377
4690,0.3593838727995457
4691,0.39402328222600796
4692,0.42490062464508804
4693,0.3929585462805224
4694,0.4252555366269165
4695,0.40871663827370813
4696,0.43107609312890405
4697,0.4117688813174333
4698,0.3808915388983532
4699,0.43618682566723455
4700,0.41950596252129474
4701,0.42653321976149916
4702,0.4451306076093129
4703,0.424190800681431
4704,0.4504542873367405
4705,0.4706842703009654
4706,0.48537762634866555
4707,0.5303094832481544
4708,0.4962379329926178
4709,0.4738784781374219
4710,0.5733248154457694
4711,0.5599801249290176
4712,0.5255536626916525
4713,0.5907155025553663
4714,0.6088160136286201
4715,0.6275553662691652
4716,0.6568001135718342
4717,0.6362862010221465
4718,0.6440232822260079
4719,0.7370812038614424
4720,0.7352356615559341
4721,0.6982538330494037
4722,0.7411272004542874
4723,0.7876916524701874
4724,0.7979840999432141
4725,0.7563884156729132
4726,0.8180011357183419
4727,0.8424190800681431
4728,0.7996166950596252
4729,0.8444065871663827
4730,0.8581061896649631
4731,0.8578222600795002
4732,0.8805366269165247
4733,0.8905451448040886
4734,0.870954003407155
4735,0.9031800113571834
4736,0.918015332197615
4737,0.8903321976149915
4738,0.9078648495173197
4739,0.8736513344690516
4740,0.8816723452583759
4741,0.9107041453719478
4742,0.8527825099375355
4743,0.8325525269733106
4744,0.8596678023850085
4745,0.817717206132879
4746,0.7956416808631459
4747,0.8234667802385008
4748,0.7768313458262351
4749,0.7545428733674049
4750,0.7433986371379898
4751,0.7453861442362294
4752,0.7239494605337876
4753,0.6734099943214082
4754,0.7010221465076661
4755,0.6728421351504826
4756,0.6474304372515616
4757,0.6232254400908575
4758,0.6088160136286201
4759,0.5806360022714366
4760,0.6142106757524134
4761,0.5850369108461102
4762,0.4463373083475298
4763,0.5447898921067575
4764,0.5379045996592845
4765,0.49162407722884727
4766,0.45173197047132313
4767,0.45549403747870526
4768,0.501916524701874
4769,0.4261073253833049
4770,0.4671351504826803
4771,0.42681714934696197
4772,0.4627342419080068
4773,0.4784213515048268
4774,0.4451306076093129
4775,0.4992191936399773
4776,0.43909710391822826
4777,0.47558205565019873
4778,0.5069562748438388
4779,0.47487223168654175
4780,0.48480976717773994
4781,0.5153321976149915
4782,0.5015616127200454
4783,0.43050823395797844
4784,0.5015616127200454
4785,0.5338586030664395
4786,0.4376064735945486
4787,0.4629471890971039
4788,0.4863003975014196
4789,0.4734525837592277
4790,0.49254684838160134
4791,0.42490062464508804
4792,0.47132311186825665
4793,0.553946621237933
4794,0.4564168086314594
4795,0.45038330494037476
4796,0.5333617262918796
4797,0.5273992049971608
4798,0.46365701306076096
4799,0.5237081203861442
4800,0.5540176036342986
4801,0.49204997160704145
4802,0.587450312322544
4803,0.5686399772856332
4804,0.5418086314593981
4805,0.6000851788756388
4806,0.6016467915956842
4807,0.6419647927314026
4808,0.5924900624645087
4809,0.6642532651902329
4810,0.6915814877910278
4811,0.6123651334469051
4812,0.7310477001703578
4813,0.7037904599659285
4814,0.7013060760931289
4815,0.7577370812038614
4816,0.7223878478137422
4817,0.7628478137421919
4818,0.7269307211811471
4819,0.7766893810335037
4820,0.7797416240772288
4821,0.7436115843270868
4822,0.7955706984667802
4823,0.7136570130607609
4824,0.7688103350369109
4825,0.7905309483248154
4826,0.691297558205565
4827,0.7126632595116411
4828,0.7019449176604202
4829,0.7142958546280522
4830,0.6922913117546848
4831,0.6397643384440659
4832,0.6680863145939807
4833,0.6488500851788757
4834,0.6213089153889836
4835,0.6040601930721181
4836,0.5775837592277115
4837,0.5868824531516184
4838,0.581984667802385
4839,0.5281800113571834
4840,0.48218341851220897
4841,0.5295996592844975
4842,0.5161839863713799
4843,0.42731402612152186
4844,0.46890971039182283
4845,0.44938955139125497
4846,0.3774134014764338
4847,0.41042021578648497
4848,0.3864991482112436
4849,0.36250709823963656
4850,0.38103350369108463
4851,0.37350936967632026
4852,0.35640261215218627
4853,0.319633730834753
4854,0.3759937535491198
4855,0.3972884724588302
4856,0.34561328790459966
4857,0.3978563316297558
4858,0.4018313458262351
4859,0.4478279386712095
4860,0.47465928449744466
4861,0.43618682566723455
4862,0.5430863145939807
4863,0.5454287336740489
4864,0.49666382737081205
4865,0.5880891538898353
4866,0.6219477569562748
4867,0.6058347529812607
4868,0.6356473594548552
4869,0.6509795570698467
4870,0.6579358319136854
4871,0.6758233957978421
4872,0.6942788188529245
4873,0.7076235093696763
4874,0.7057069846678024
4875,0.674190800681431
4876,0.6581487791027825
4877,0.7075525269733106
4878,0.6744037478705281
4879,0.6471465076660988
4880,0.6538188529244747
4881,0.5968909710391823
4882,0.6152044293015332
4883,0.5938387279954571
4884,0.5545854628052242
4885,0.5359170925610448
4886,0.49155309483248155
4887,0.5025553662691652
4888,0.48026689381033505
4889,0.46486371379897784
4890,0.47352356615559343
4891,0.4449886428165815
4892,0.44214934696195346
4893,0.45961101646791597
4894,0.45975298126064734
4895,0.45847529812606475
4896,0.45925610448608745
4897,0.4847387847813742
4898,0.49240488358886997
4899,0.4789892106757524
4900,0.5203719477569563
4901,0.5200170357751278
4902,0.506885292447473
4903,0.5265474162407723
4904,0.4999290176036343
4905,0.5552243043725156
4906,0.5379755820556502
4907,0.4819704713231119
4908,0.563458262350937
4909,0.48268029528676887
4910,0.5352072685973879
4911,0.6127200454287337
4912,0.4674190800681431
4913,0.53087734241908
4914,0.5665105053946621
4915,0.5270442930153322
4916,0.5380465644520159
4917,0.5391113003975014
4918,0.5459256104486088
4919,0.5132737081203862
4920,0.5635292447473027
4921,0.5576377058489494
4922,0.5335746734809768
4923,0.5584185122089722
4924,0.545854628052243
4925,0.592206132879046
4926,0.5587734241908007
4927,0.56274843838728
4928,0.6254968767745599
4929,0.5752413401476434
4930,0.6132879045996593
4931,0.6509795570698467
4932,0.5972458830210108
4933,0.6510505394662124
4934,0.6949886428165815
4935,0.6548835888699602
4936,0.6716354344122658
4937,0.7034355479840999
4938,0.688458262350937
4939,0.7047842135150483
4940,0.7355905735377626
4941,0.6930011357183419
4942,0.7246592844974447
4943,0.7612152186257808
4944,0.7093270868824532
4945,0.7327512776831345
4946,0.7553236797274276
4947,0.7481544576944917
4948,0.7231686541737649
4949,0.6957694491766042
4950,0.7448182850653038
4951,0.7263628620102215
4952,0.6825667234525837
4953,0.6992475865985236
4954,0.6785917092561045
4955,0.6579358319136854
4956,0.6724872231686542
4957,0.644733106189665
4958,0.5988784781374219
4959,0.7517745599091425
4960,0.4895655877342419
4961,0.6391254968767746
4962,0.727427597955707
4963,0.28400056785917094
4964,0.8014622373651334
4965,0.40687109596819987
4966,0.7299829642248722
4967,0.8603776263486655
4968,0.0
4969,0.8886996024985804
4970,0.6988216922203293
4971,0.3185689948892675
4972,0.6384866553094832
4973,0.6404031800113572
4974,0.5139835320840431
4975,0.4944633730834753
4976,0.7284213515048268
4977,0.4438529244747303
4978,0.5427314026121521
4979,0.6162691652470187
4980,0.4894946053378762
4981,0.6306785917092561
4982,0.5073821692220329
4983,0.47678875638841567
4984,0.5711243611584327
4985,0.5025553662691652
4986,0.47508517887563884
4987,0.5050397501419648
4988,0.4885008517887564
4989,0.5284639409426463
4990,0.46351504826802953
4991,0.40992333901192507
4992,0.485022714366837
4993,0.4451306076093129
4994,0.4394520159000568
4995,0.44584043157296993
4996,0.393526405451448
4997,0.41702157864849515
4998,0.42057069846678025
4999,0.3925326519023282
5000,0.4348381601362862
5001,0.3798977853492334
5002,0.3352498580352073
5003,0.47941510505394663
5004,0.3738642816581488
5005,0.34745883021010787
5006,0.46947756956274844
5007,0.36697898921067573
5008,0.4151050539466212
5009,0.4016893810335037
5010,0.40062464508801815
5011,0.4359738784781374
5012,0.4012634866553095
5013,0.4300113571834185
5014,0.4175184554230551
5015,0.45528109028960817
5016,0.42759795570698467
5017,0.47075525269733104
5018,0.49850936967632026
5019,0.42213231118682565
5020,0.47004542873367405
5021,0.5169647927314026
5022,0.48480976717773994
5023,0.4557069846678024
5024,0.5264054514480409
5025,0.5275411697898921
5026,0.4687677455990914
5027,0.5653747870528109
5028,0.5601930721181148
5029,0.4886428165814878
5030,0.5758801817149347
5031,0.5822685973878479
5032,0.5523850085178875
5033,0.6127910278250994
5034,0.5973168654173765
5035,0.5478421351504826
5036,0.6223736513344691
5037,0.6386996024985804
5038,0.5479131175468483
5039,0.629045996592845
5040,0.7047132311186826
5041,0.5785775127768313
5042,0.63309199318569
5043,0.6968341851220897
5044,0.5840431572969903
5045,0.6644662123793299
5046,0.6594974446337308
5047,0.6596394094264623
5048,0.7045002839295854
5049,0.6226575809199318
5050,0.6986087450312323
5051,0.704145371947757
5052,0.6602072685973879
5053,0.6797984099943214
5054,0.7040743895513912
5055,0.7247302668938104
5056,0.7503549119818285
5057,0.7512776831345827
5058,0.7435406019307211
5059,0.8001135718341851
5060,0.6943498012492901
5061,0.7651192504258943
5062,0.8104770017035775
5063,0.6335178875638842
5064,0.8220471323111869
5065,0.8686825667234526
5066,0.7659000567859171
5067,0.7684554230550823
5068,0.7015900056785918
5069,0.8644946053378763
5070,0.8001135718341851
5071,0.7097529812606473
5072,0.8749290176036343
5073,0.7292731402612153
5074,0.7511357183418512
5075,0.8323395797842135
5076,0.7279244747302669
5077,0.7278534923339012
5078,0.698679727427598
5079,0.7810902896081772
5080,0.6769591141396933
5081,0.5743895513912549
5082,0.6810051107325383
5083,0.5743895513912549
5084,0.6161981828506531
5085,0.6766751845542306
5086,0.5612578080636003
5087,0.5044009085746735
5088,0.5039040318001136
5089,0.5111442362294151
5090,0.4669222032935832
5091,0.5088727995457126
5092,0.48239636570130606
5093,0.42589437819420783
5094,0.5044009085746735
5095,0.44690516751845544
5096,0.36783077796706415
5097,0.48992049971607043
5098,0.45286768881317435
5099,0.37201873935264057
5100,0.42220329358319136
5101,0.4459114139693356
5102,0.4471181147075525
5103,0.3581061896649631
5104,0.46429585462805223
5105,0.3989210675752413
5106,0.3697473026689381
5107,0.47614991482112434
5108,0.34000567859170927
5109,0.47032935831913686
5110,0.4674900624645088
5111,0.38507950028392957
5112,0.4521578648495173
5113,0.4894236229415105
5114,0.45741056218057924
5115,0.49588302101078935
5116,0.5558631459398069
5117,0.44924758659852354
5118,0.5775837592277115
5119,0.5182424758659853
5120,0.5067433276547416
5121,0.6590715502555367
5122,0.4833901192504259
5123,0.5850369108461102
5124,0.6400482680295286
5125,0.5173197047132311
5126,0.6341567291311755
5127,0.5819136854060193
5128,0.5653747870528109
5129,0.6473594548551959
5130,0.5633872799545713
5131,0.5706984667802385
5132,0.596465076660988
5133,0.5892958546280522
5134,0.602427597955707
5135,0.5521720613287905
5136,0.5901476433844407
5137,0.6000851788756388
5138,0.5292447473026689
5139,0.5739636570130607
5140,0.5640261215218626
5141,0.5535207268597387
5142,0.5919931856899489
5143,0.5459965928449745
5144,0.5726859738784781
5145,0.5903605905735377
5146,0.5242759795570698
5147,0.552526973310619
5148,0.567717206132879
5149,0.5580636002271436
5150,0.5632453151618398
5151,0.5367688813174333
5152,0.5590573537762635
5153,0.5321550255536627
5154,0.6065445769449177
5155,0.5861016467915957
5156,0.46954855195911416
5157,0.6048409994321409
5158,0.5730408858603067
5159,0.5066013628620102
5160,0.5804940374787053
5161,0.5498296422487223
5162,0.558702441794435
5163,0.567504258943782
5164,0.513557637705849
5165,0.579855195911414
5166,0.5577796706416809
5167,0.49701873935264057
5168,0.5852498580352072
5169,0.5509653605905735
5170,0.537549687677456
5171,0.5269733106189665
5172,0.5398921067575241
5173,0.6201022146507666
5174,0.5189522998296422
5175,0.5416666666666666
5176,0.6015048268029529
5177,0.5322969903463941
5178,0.5959681998864281
5179,0.5751703577512777
5180,0.54706132879046
5181,0.6141396933560477
5182,0.5322969903463941
5183,0.5624645088018172
5184,0.6152754116978989
5185,0.5203009653605906
5186,0.5552243043725156
5187,0.5912833617262919
5188,0.54706132879046
5189,0.5599091425326519
5190,0.5590573537762635
5191,0.5471323111868257
5192,0.5616837024417944
5193,0.5600511073253833
5194,0.5647359454855196
5195,0.5414537194775696
5196,0.5577086882453152
5197,0.5859596819988643
5198,0.537052810902896
5199,0.5476291879613856
5200,0.558702441794435
5201,0.5684980124929018
5202,0.5783645655877342
5203,0.5469193639977286
5204,0.5659426462237365
5205,0.5730408858603067
5206,0.5452157864849517
5207,0.5423764906303237
5208,0.5457126632595116
5209,0.5340005678591709
5210,0.5473452583759227
5211,0.532793867120954
5212,0.5376916524701874
5213,0.5535917092561045
5214,0.5273992049971608
5215,0.5583475298126065
5216,0.5517461669505963
5217,0.5464224872231687
5218,0.5594832481544577
5219,0.5478421351504826
5220,0.5770159000567859
5221,0.5456416808631459
5222,0.5701306076093129
5223,0.5944065871663827
5224,0.5415956842703009
5225,0.5892958546280522
5226,0.5759511641113004
5227,0.5495457126632595
5228,0.5980976717773993
5229,0.5923480976717774
5230,0.565587734241908
5231,0.5623225440090858
5232,0.5876632595116411
5233,0.5883730834752982
5234,0.5859596819988643
5235,0.6108035207268597
5236,0.5822685973878479
5237,0.6161272004542874
5238,0.6613429869392391
5239,0.6063316297558206
5240,0.6425326519023282
5241,0.666098807495741
5242,0.6336598523566156
5243,0.691297558205565
5244,0.7181998864281658
5245,0.6505536626916525
5246,0.6853350369108461
5247,0.7325383304940375
5248,0.7016609880749574
5249,0.7323253833049403
5250,0.7118824531516184
5251,0.7391396933560477
5252,0.7814452015900056
5253,0.7278534923339012
5254,0.7558915388983533
5255,0.814168086314594
5256,0.7668938103350369
5257,0.7860590573537762
5258,0.8335462805224304
5259,0.7690942646223736
5260,0.8299261783077797
5261,0.8296422487223168
5262,0.8179301533219762
5263,0.8701731970471324
5264,0.7918086314593981
5265,0.8090573537762635
5266,0.8551959114139693
5267,0.8263770584894946
5268,0.7598665530948325
5269,0.8061470755252698
5270,0.830068143100511
5271,0.7031516183986372
5272,0.7574531516183987
5273,0.7563174332765474
5274,0.6739068710959683
5275,0.7201873935264055
5276,0.6623367404883589
5277,0.6411839863713799
5278,0.6267035775127768
5279,0.5445769449176604
5280,0.5911413969335605
5281,0.5507524134014764
5282,0.5026973310618966
5283,0.501419647927314
5284,0.4570556501987507
5285,0.4903463940942646
5286,0.40005678591709254
5287,0.401618398637138
5288,0.4440658716638274
5289,0.342206132879046
5290,0.40687109596819987
5291,0.3659142532651902
5292,0.37173480976717777
5293,0.36307495741056217
5294,0.29642248722316866
5295,0.4015474162407723
5296,0.2988358886996025
5297,0.3521436683702442
5298,0.3266609880749574
5299,0.27406303236797275
5300,0.38905451448040884
5301,0.2562464508801817
5302,0.3154457694491766
5303,0.30735377626348664
5304,0.28016751845542304
5305,0.33801817149346963
5306,0.2510647359454855
5307,0.34987223168654175
5308,0.3366695059625213
5309,0.28534923339011925
5310,0.3704571266325951
5311,0.3246734809767178
5312,0.33262350936967633
5313,0.3808205565019875
5314,0.37762634866553096
5315,0.379045996592845
5316,0.37840715502555367
5317,0.4217773992049972
5318,0.4234099943214083
5319,0.4341283361726292
5320,0.4290176036342987
5321,0.3981402612152186
5322,0.5049687677455991
5323,0.5049687677455991
5324,0.4287336740488359
5325,0.4551391254968768
5326,0.47600795002839297
5327,0.4783503691084611
5328,0.0
5329,0.0
5330,0.0
5331,0.0
5332,0.0
5333,0.0
5334,0.0
5335,0.0
5336,0.0
5337,0.0
5338,0.0
5339,0.0
5340,0.0
5341,0.0
5342,0.0
5343,0.0
5344,0.0
5345,0.0
5346,0.0
5347,0.0
5348,0.0
5349,0.0
5350,0.0
5351,0.0
5352,0.0
5353,0.0
5354,0.0
5355,0.0
5356,0.0
5357,0.0
5358,0.0
5359,0.0
5360,0.0
5361,0.0
5362,0.0
5363,0.0
5364,0.0
5365,0.0
5366,0.0
5367,0.0
5368,0.0
5369,0.0
5370,0.0
5371,0.0
5372,0.0
5373,0.0
5374,0.0
5375,0.0
5376,0.0
5377,0.0
5378,0.0
5379,0.0
5380,0.0
5381,0.0
5382,0.0
5383,0.0
5384,0.0
5385,0.0
5386,0.0
5387,0.0
5388,0.0
5389,0.0
5390,0.0
5391,0.0
5392,0.0
5393,0.0
5394,0.0
5395,0.0
5396,0.0
5397,0.0
5398,0.0
5399,0.0
5400,0.0
5401,0.0
5402,0.0
5403,0.0
5404,0.0
5405,0.0
5406,0.0
5407,0.0
5408,0.0
5409,0.0
5410,0.0
5411,0.0
5412,0.0
5413,0.0
5414,0.0
5415,0.0
5416,0.0
5417,0.0
5418,0.0
5419,0.0
5420,0.0
5421,0.0
5422,0.0
5423,0.0
5424,0.0
5425,0.0
5426,0.0
5427,0.0
5428,0.0
5429,0.0
5430,0.0
5431,0.0
5432,0.0
5433,0.0
5434,0.0
5435,0.0
5436,0.0
5437,0.0
5438,0.0
5439,0.0
5440,0.0
5441,0.0
5442,0.0
5443,0.0
5444,0.0
5445,0.0
5446,0.0
5447,0.0
5448,0.0
5449,0.0
5450,0.0
5451,0.0
5452,0.0
5453,0.0
5454,0.0
5455,0.0
5456,0.0
5457,0.0
5458,0.0
5459,0.0
5460,0.0
5461,0.0
5462,0.0
5463,0.0
5464,0.0
5465,0.0
5466,0.0
5467,0.0
5468,0.0
5469,0.0
5470,0.0
5471,0.0
5472,0.0
5473,0.0
5474,0.0
5475,0.0
5476,0.0
5477,0.0
5478,0.0
5479,0.0
5480,0.0
5481,0.0
5482,0.0
5483,0.0
5484,0.0
5485,0.0
5486,0.0
5487,0.0
5488,0.0
5489,0.0
5490,0.0
5491,0.0
5492,0.0
5493,0.0
5494,0.0
5495,0.0
5496,0.0
5497,0.0
5498,0.0
5499,0.0
5500,0.0
5501,0.0
5502,0.0
5503,0.0
5504,0.0
5505,0.0
5506,0.0
5507,0.0
5508,0.0
5509,0.0
5510,0.0
5511,0.0
5512,0.0
5513,0.0
5514,0.0
5515,0.0
5516,0.0
5517,0.0
5518,0.0
5519,0.0
5520,0.0
5521,0.0
5522,0.0
5523,0.0
5524,0.0
5525,0.0
5526,0.0
5527,0.0
5528,0.0
5529,0.0
5530,0.0
5531,0.0
5532,0.0
5533,0.0
5534,0.0
5535,0.0
5536,0.0
5537,0.0
5538,0.0
5539,0.0
5540,0.0
5541,0.0
5542,0.0
5543,0.0
5544,0.0
5545,0.0
5546,0.0
5547,0.0
5548,0.0
5549,0.0
5550,0.0
5551,0.0
5552,0.0
5553,0.0
5554,0.0
5555,0.0
5556,0.0
5557,0.0
5558,0.0
5559,0.0
5560,0.0
5561,0.0
5562,0.0
5563,0.0
5564,0.0
5565,0.0
5566,0.0
5567,0.0
5568,0.0
5569,0.0
5570,0.0
5571,0.0
5572,0.0
5573,0.0
5574,0.0
5575,0.0
5576,0.0
5577,0.0
5578,0.0
5579,0.0
5580,0.0
5581,0.0
5582,0.0
5583,0.0
5584,0.0
5585,0.0
5586,0.0
5587,0.0
5588,0.0
5589,0.0
5590,0.0
5591,0.0
5592,0.0
5593,0.0
5594,0.0
5595,0.0
5596,0.0
5597,0.0
5598,0.0
5599,0.0
5600,0.0
5601,0.0
5602,0.0
5603,0.0
5604,0.0
5605,0.0
5606,0.0
5607,0.0
5608,0.0
5609,0.0
5610,0.0
5611,0.0
5612,0.0
5613,0.0
5614,0.0
5615,0.0
5616,0.0
5617,0.0
5618,0.0
5619,0.0
5620,0.0
5621,0.0
5622,0.0
5623,0.0
5624,0.0
5625,0.0
5626,0.0
5627,0.0
5628,0.0
5629,0.0
5630,0.0
5631,0.0
5632,0.0
5633,0.0
5634,0.0
5635,0.0
5636,0.0
5637,0.0
5638,0.0
5639,0.0
5640,0.0
5641,0.0
5642,0.0
5643,0.0
5644,0.0
5645,0.0
5646,0.0
5647,0.0
5648,0.0
5649,0.0
5650,0.0
5651,0.0
5652,0.0
5653,0.0
5654,0.0
5655,0.0
5656,0.0
5657,0.0
5658,0.0
5659,0.0
5660,0.0
5661,0.0
5662,0.0
5663,0.0
5664,0.0
5665,0.0
5666,0.0
5667,0.0
5668,0.0
5669,0.0
5670,0.0
5671,0.0
5672,0.0
5673,0.0
5674,0.0
5675,0.0
5676,0.0
5677,0.0
5678,0.0
5679,0.0
5680,0.0
5681,0.0
5682,0.0
5683,0.0
5684,0.0
5685,0.0
5686,0.0
5687,0.0
5688,0.0
5689,0.0
5690,0.0
5691,0.0
5692,0.0
5693,0.0
5694,0.0
5695,0.0
5696,0.0
5697,0.0
5698,0.0
5699,0.0
5700,0.0
5701,0.0
5702,0.0
5703,0.0
5704,0.0
5705,0.0
5706,0.0
5707,0.0
5708,0.0
5709,0.0
5710,0.0
5711,0.0
5712,0.0
5713,0.0
5714,0.0
5715,0.0
5716,0.0
5717,0.0
5718,0.0
5719,0.0
5720,0.0
5721,0.0
5722,0.0
5723,0.0
5724,0.0
5725,0.0
5726,0.0
5727,0.0
5728,0.0
5729,0.0
5730,0.0
5731,0.0
5732,0.0
5733,0.0
5734,0.0
5735,0.0
5736,0.0
5737,0.0
5738,0.0
5739,0.0
5740,0.0
5741,0.0
5742,0.0
5743,0.0
5744,0.0
5745,0.0
5746,0.0
5747,0.0
5748,0.0
5749,0.0
5750,0.0
5751,0.0
5752,0.0
5753,0.0
5754,0.0
5755,0.0
5756,0.0
5757,0.0
5758,0.0
5759,0.0
5760,0.0
5761,0.0
5762,0.0
5763,0.0
5764,0.0
5765,0.0
5766,0.0
5767,0.0
5768,0.0
5769,0.0
5770,0.0
5771,0.0
5772,0.0
5773,0.0
5774,0.0
5775,0.0
5776,0.0
5777,0.0
5778,0.0
5779,0.0
5780,0.0
5781,0.0
5782,0.0
5783,0.0
5784,0.0
5785,0.0
5786,0.0
5787,0.0
5788,0.0
5789,0.0
5790,0.0
5791,0.0
5792,0.0
5793,0.0
5794,0.0
5795,0.0
5796,0.0
5797,0.0
5798,0.0
5799,0.0
5800,0.0
5801,0.0
5802,0.0
5803,0.0
5804,0.0
5805,0.0
5806,0.0
5807,0.0
5808,0.0
5809,0.0
5810,0.0
5811,0.0
5812,0.0
5813,0.0
5814,0.0
5815,0.0
5816,0.0
5817,0.0
5818,0.0
5819,0.0
5820,0.0
5821,0.0
5822,0.0
5823,0.0
5824,0.0
5825,0.0
5826,0.0
5827,0.0
5828,0.0
5829,0.0
5830,0.0
5831,0.0
5832,0.0
5833,0.0
5834,0.0
5835,0.0
5836,0.0
5837,0.0
5838,0.0
5839,0.0
5840,0.0
5841,0.0
5842,0.0
5843,0.0
5844,0.0
5845,0.0
5846,0.0
5847,0.0
5848,0.0
5849,0.0
5850,0.0
5851,0.0
5852,0.0
5853,0.0
5854,0.0
5855,0.0
5856,0.0
5857,0.0
5858,0.0
5859,0.0
5860,0.0
5861,0.0
5862,0.0
5863,0.0
5864,0.0
5865,0.0
5866,0.0
5867,0.0
5868,0.0
5869,0.0
5870,0.0
5871,0.0
5872,0.0
5873,0.0
5874,0.0
5875,0.0
5876,0.0
5877,0.0
5878,0.0
5879,0.0
5880,0.0
5881,0.0
5882,0.0
5883,0.0
5884,0.0
5885,0.0
5886,0.0
5887,0.0
5888,0.0
5889,0.0
5890,0.0
5891,0.0
5892,0.0
5893,0.0
5894,0.0
5895,0.0
5896,0.0
5897,0.0
5898,0.0
5899,0.0
5900,0.0
5901,0.0
5902,0.0
5903,0.0
5904,0.0
5905,0.0
5906,0.0
5907,0.0
5908,0.0
5909,0.0
5910,0.0
5911,0.0
5912,0.0
5913,0.0
5914,0.0
5915,0.0
5916,0.0
5917,0.0
5918,0.0
5919,0.0
5920,0.0
5921,0.0
5922,0.0
5923,0.0
5924,0.0
5925,0.0
5926,0.0
5927,0.0
5928,0.0
5929,0.0
5930,0.0
5931,0.0
5932,0.0
5933,0.0
5934,0.0
5935,0.0
5936,0.0
5937,0.0
5938,0.0
5939,0.0
5940,0.0
5941,0.0
5942,0.0
5943,0.0
5944,0.0
5945,0.0
5946,0.0
5947,0.0
5948,0.0
5949,0.0
5950,0.0
5951,0.0
5952,0.0
5953,0.0
5954,0.0
5955,0.0
5956,0.0
5957,0.0
5958,0.0
5959,0.0
5960,0.0
5961,0.0
5962,0.0
5963,0.0
5964,0.0
5965,0.0
5966,0.0
5967,0.0
5968,0.0
5969,0.0
5970,0.0
5971,0.0
5972,0.0
5973,0.0
5974,0.0
5975,0.0
5976,0.0
5977,0.0
5978,0.0
5979,0.0
5980,0.0
5981,0.0
5982,0.0
5983,0.0
5984,0.0
5985,0.0
5986,0.0
5987,0.0
5988,0.0
5989,0.0
5990,0.0
5991,0.0
5992,0.0
5993,0.0
5994,0.0
5995,0.0
5996,0.0
5997,0.0
5998,0.0
5999,0.0
6000,0.0
6001,0.0
6002,0.0
6003,0.0
6004,0.0
6005,0.0
6006,0.0
6007,0.0
6008,0.0
6009,0.0
6010,0.0
6011,0.0
6012,0.0
6013,0.0
6014,0.0
6015,0.0
6016,0.0
6017,0.0
6018,0.0
6019,0.0
6020,0.0
6021,0.0
6022,0.0
6023,0.0
6024,0.0
6025,0.0
6026,0.0
6027,0.0
6028,0.0
6029,0.0
6030,0.0
6031,0.0
6032,0.0
6033,0.0
6034,0.0
6035,0.0
6036,0.0
6037,0.0
6038,0.0
6039,0.0
6040,0.0
6041,0.0
6042,0.0
6043,0.0
6044,0.0
6045,0.0
6046,0.0
6047,0.0
6048,0.0
6049,0.0
6050,0.0
6051,0.0
6052,0.0
6053,0.0
6054,0.0
6055,0.0
6056,0.0
6057,0.0
6058,0.0
6059,0.0
6060,0.0
6061,0.0
6062,0.0
6063,0.0
6064,0.0
6065,0.0
6066,0.0
6067,0.0
6068,0.0
6069,0.0
6070,0.0
6071,0.0
6072,0.0
6073,0.0
6074,0.0
6075,0.0
6076,0.0
6077,0.0
6078,0.0
6079,0.0
6080,0.0
6081,0.0
6082,0.0
6083,0.0
6084,0.0
6085,0.0
6086,0.0
6087,0.0
6088,0.0
6089,0.0
6090,0.0
6091,0.0
6092,0.0
6093,0.0
6094,0.0
6095,0.0
6096,0.0
6097,0.0
6098,0.0
6099,0.0
6100,0.0
6101,0.0
6102,0.0
6103,0.0
6104,0.0
6105,0.0
6106,0.0
6107,0.0
6108,0.0
6109,0.0
6110,0.0
6111,0.0
6112,0.0
6113,0.0
6114,0.0
6115,0.0
6116,0.0
6117,0.0
6118,0.0
6119,0.0
6120,0.0
6121,0.0
6122,0.0
6123,0.0
6124,0.0
6125,0.0
6126,0.0
6127,0.0
6128,0.0
6129,0.0
6130,0.0
6131,0.0
6132,0.0
6133,0.0
6134,0.0
6135,0.0
6136,0.0
6137,0.0
6138,0.0
6139,0.0
6140,0.0
6141,0.0
6142,0.0
6143,0.0
6144,0.0
6145,0.0
6146,0.0
6147,0.0
6148,0.0
6149,0.0
6150,0.0
6151,0.0
6152,0.0
6153,0.0
6154,0.0
6155,0.0
6156,0.0
6157,0.0
6158,0.0
6159,0.0
6160,0.0
6161,0.0
6162,0.0
6163,0.0
6164,0.0
6165,0.0
6166,0.0
6167,0.0
6168,0.0
6169,0.0
6170,0.0
6171,0.0
6172,0.0
6173,0.0
6174,0.0
6175,0.0
6176,0.0
6177,0.0
6178,0.0
6179,0.0
6180,0.0
6181,0.0
6182,0.0
6183,0.0
6184,0.0
6185,0.0
6186,0.0
6187,0.0
6188,0.0
6189,0.0
6190,0.0
6191,0.0
6192,0.0
6193,0.0
6194,0.0
6195,0.0
6196,0.0
6197,0.0
6198,0.0
6199,0.0
6200,0.0
6201,0.0
6202,0.0
6203,0.0
6204,0.0
6205,0.0
6206,0.0
6207,0.0
6208,0.0
6209,0.0
6210,0.0
6211,0.0
6212,0.0
6213,0.0
6214,0.0
6215,0.0
6216,0.0
6217,0.0
6218,0.0
6219,0.0
6220,0.0
6221,0.0
6222,0.0
6223,0.0
6224,0.0
6225,0.0
6226,0.0
6227,0.0
6228,0.0
6229,0.0
6230,0.0
6231,0.0
6232,0.0
6233,0.0
6234,0.0
6235,0.0
6236,0.0
6237,0.0
6238,0.0
6239,0.0
6240,0.0
6241,0.0
6242,0.0
6243,0.0
6244,0.0
6245,0.0
6246,0.0
6247,0.0
6248,0.0
6249,0.0
6250,0.0
6251,0.0
6252,0.0
6253,0.0
6254,0.0
6255,0.0
6256,0.0
6257,0.0
6258,0.0
6259,0.0
6260,0.0
6261,0.0
6262,0.0
6263,0.0
6264,0.0
6265,0.0
6266,0.0
6267,0.0
6268,0.0
6269,0.0
6270,0.0
6271,0.0
6272,0.0
6273,0.0
6274,0.0
6275,0.0
6276,0.0
6277,0.0
6278,0.0
6279,0.0
6280,0.0
6281,0.0
6282,0.0
6283,0.0
6284,0.0
6285,0.0
6286,0.0
6287,0.0
6288,0.0
6289,0.0
6290,0.0
6291,0.0
6292,0.0
6293,0.0
6294,0.0
6295,0.0
6296,0.0
6297,0.0
6298,0.0
6299,0.0
6300,0.0
6301,0.0
6302,0.0
6303,0.0
6304,0.0
6305,0.0
6306,0.0
6307,0.0
6308,0.0
6309,0.0
6310,0.0
6311,0.0
6312,0.0
6313,0.0
6314,0.0
6315,0.0
6316,0.0
6317,0.0
6318,0.0
6319,0.0
6320,0.0
6321,0.0
6322,0.0
6323,0.0
6324,0.0
6325,0.0
6326,0.0
6327,0.0
6328,0.0
6329,0.0
6330,0.0
6331,0.0
6332,0.0
6333,0.0
6334,0.0
6335,0.0
6336,0.0
6337,0.0
6338,0.0
6339,0.0
6340,0.0
6341,0.0
6342,0.0
6343,0.0
6344,0.0
6345,0.0
6346,0.0
6347,0.0
6348,0.0
6349,0.0
6350,0.0
6351,0.0
6352,0.0
6353,0.0
6354,0.0
6355,0.0
6356,0.0
6357,0.0
6358,0.0
6359,0.0
6360,0.0
6361,0.0
6362,0.0
6363,0.0
6364,0.0
6365,0.0
6366,0.0
6367,0.0
6368,0.0
6369,0.0
6370,0.0
6371,0.0
6372,0.0
6373,0.0
6374,0.0
6375,0.0
6376,0.0
6377,0.0
6378,0.0
6379,0.0
6380,0.0
6381,0.0
6382,0.0
6383,0.0
6384,0.0
6385,0.0
6386,0.0
6387,0.0
6388,0.0
6389,0.0
6390,0.0
6391,0.0
6392,0.0
6393,0.0
6394,0.0
6395,0.0
6396,0.0
6397,0.0
6398,0.0
6399,0.0
6400,0.0
6401,0.0
6402,0.0
6403,0.0
6404,0.0
6405,0.0
6406,0.0
6407,0.0
6408,0.0
6409,0.0
6410,0.0
6411,0.0
6412,0.0
6413,0.0
6414,0.0
6415,0.0
6416,0.0
6417,0.0
6418,0.0
6419,0.0
6420,0.0
6421,0.0
6422,0.0
6423,0.0
6424,0.0
6425,0.0
6426,0.0
6427,0.0
6428,0.0
6429,0.0
6430,0.0
6431,0.0
6432,0.0
6433,0.0
6434,0.0
6435,0.0
6436,0.0
6437,0.0
6438,0.0
6439,0.0
6440,0.0
6441,0.0
6442,0.0
6443,0.0
6444,0.0
6445,0.0
6446,0.0
6447,0.0
6448,0.0
6449,0.0
6450,0.0
6451,0.0
6452,0.0
6453,0.0
6454,0.0
6455,0.0
6456,0.0
6457,0.0
6458,0.0
6459,0.0
6460,0.0
6461,0.0
6462,0.0
6463,0.0
6464,0.0
6465,0.0
6466,0.0
6467,0.0
6468,0.0
6469,0.0
6470,0.0
6471,0.0
6472,0.0
6473,0.0
6474,0.0
6475,0.0
6476,0.0
6477,0.0
6478,0.0
6479,0.0
6480,0.0
6481,0.0
6482,0.0
6483,0.0
6484,0.0
6485,0.0
6486,0.0
6487,0.0
6488,0.0
6489,0.0
6490,0.0
6491,0.0
6492,0.0
6493,0.0
6494,0.0
6495,0.0
6496,0.0
6497,0.0
6498,0.0
6499,0.0
6500,0.0
6501,0.0
6502,0.0
6503,0.0
6504,0.0
6505,0.0
6506,0.0
6507,0.0
6508,0.0
6509,0.0
6510,0.0
6511,0.0
6512,0.0
6513,0.0
6514,0.0
6515,0.0
6516,0.0
6517,0.0
6518,0.0
6519,0.0
6520,0.0
6521,0.0
6522,0.0
6523,0.0
6524,0.0
6525,0.0
6526,0.0
6527,0.0
6528,0.0
6529,0.0
6530,0.0
6531,0.0
6532,0.0
6533,0.0
6534,0.0
6535,0.0
6536,0.0
6537,0.0
6538,0.0
6539,0.0
6540,0.0
6541,0.0
6542,0.0
6543,0.0
6544,0.0
6545,0.0
6546,0.0
6547,0.0
6548,0.0
6549,0.0
6550,0.0
6551,0.0
6552,0.0
6553,0.0
6554,0.0
6555,0.0
6556,0.0
6557,0.0
6558,0.0
6559,0.0
6560,0.0
6561,0.0
6562,0.0
6563,0.0
6564,0.0
6565,0.0
6566,0.0
6567,0.0
6568,0.0
6569,0.0
6570,0.0
6571,0.0
6572,0.0
6573,0.0
6574,0.0
6575,0.0
6576,0.0
6577,0.0
6578,0.0
6579,0.0
6580,0.0
6581,0.0
6582,0.0
6583,0.0
6584,0.0
6585,0.0
6586,0.0
6587,0.0
6588,0.0
6589,0.0
6590,0.0
6591,0.0
6592,0.0
6593,0.0
6594,0.0
6595,0.0
6596,0.0
6597,0.0
6598,0.0
6599,0.0
6600,0.0
6601,0.0
6602,0.0
6603,0.0
6604,0.0
6605,0.0
6606,0.0
6607,0.0
6608,0.0
6609,0.0
6610,0.0
6611,0.0
6612,0.0
6613,0.0
6614,0.0
6615,0.0
6616,0.0
6617,0.0
6618,0.0
6619,0.0
6620,0.0
6621,0.0
6622,0.0
6623,0.0
6624,0.0
6625,0.0
6626,0.0
6627,0.0
6628,0.0
6629,0.0
6630,0.0
6631,0.0
6632,0.0
6633,0.0
6634,0.0
6635,0.0
6636,0.0
6637,0.0
6638,0.0
6639,0.0
6640,0.0
6641,0.0
6642,0.0
6643,0.0
6644,0.0
6645,0.0
6646,0.0
6647,0.0
6648,0.0
6649,0.0
6650,0.0
6651,0.0
6652,0.0
6653,0.0
6654,0.0
6655,0.0
6656,0.0
6657,0.0
6658,0.0
6659,0.0
6660,0.0
6661,0.0
6662,0.0
6663,0.0
6664,0.0
6665,0.0
6666,0.0
6667,0.0
6668,0.0
6669,0.0
6670,0.0
6671,0.0
6672,0.0
6673,0.0
6674,0.0
6675,0.0
6676,0.0
6677,0.0
6678,0.0
6679,0.0
6680,0.0
6681,0.0
6682,0.0
6683,0.0
6684,0.0
6685,0.0
6686,0.0
6687,0.0
6688,0.0
6689,0.0
6690,0.0
6691,0.0
6692,0.0
6693,0.0
6694,0.0
6695,0.0
6696,0.0
6697,0.0
6698,0.0
6699,0.0
6700,0.0
6701,0.0
6702,0.0
6703,0.0
6704,0.0
6705,0.0
6706,0.0
6707,0.0
6708,0.0
6709,0.0
6710,0.0
6711,0.0
6712,0.0
6713,0.0
6714,0.0
6715,0.0
6716,0.0
6717,0.0
6718,0.0
6719,0.0
6720,0.0
6721,0.0
6722,0.0
6723,0.0
6724,0.0
6725,0.0
6726,0.0
6727,0.0
6728,0.0
6729,0.0
6730,0.0
6731,0.0
6732,0.0
6733,0.0
6734,0.0
6735,0.0
6736,0.0
6737,0.0
6738,0.0
6739,0.0
6740,0.0
6741,0.0
6742,0.0
6743,0.0
6744,0.0
6745,0.0
6746,0.0
6747,0.0
6748,0.0
6749,0.0
6750,0.0
6751,0.0
6752,0.0
6753,0.0
6754,0.0
6755,0.0
6756,0.0
6757,0.0
6758,0.0
6759,0.0
6760,0.0
6761,0.0
6762,0.0
6763,0.0
6764,0.0
6765,0.0
6766,0.0
6767,0.0
6768,0.0
6769,0.0
6770,0.0
6771,0.0
6772,0.0
6773,0.0
6774,0.0
6775,0.0
6776,0.0
6777,0.0
6778,0.0
6779,0.0
6780,0.0
6781,0.0
6782,0.0
6783,0.0
6784,0.0
6785,0.0
6786,0.0
6787,0.0
6788,0.0
6789,0.0
6790,0.0
6791,0.0
6792,0.0
6793,0.0
6794,0.0
6795,0.0
6796,0.0
6797,0.0
6798,0.0
6799,0.0
6800,0.0
6801,0.0
6802,0.0
6803,0.0
6804,0.0
6805,0.0
6806,0.0
6807,0.0
6808,0.0
6809,0.0
6810,0.0
6811,0.0
6812,0.0
6813,0.0
6814,0.0
6815,0.0
6816,0.0
6817,0.0
6818,0.0
6819,0.0
6820,0.0
6821,0.0
6822,0.0
6823,0.0
6824,0.0
6825,0.0
6826,0.0
6827,0.0
6828,0.0
6829,0.0
6830,0.0
6831,0.0
6832,0.0
6833,0.0
6834,0.0
6835,0.0
6836,0.0
6837,0.0
6838,0.0
6839,0.0
6840,0.0
6841,0.0
6842,0.0
6843,0.0
6844,0.0
6845,0.0
6846,0.0
6847,0.0
6848,0.0
6849,0.0
6850,0.0
6851,0.0
6852,0.0
6853,0.0
6854,0.0
6855,0.0
6856,0.0
6857,0.0
6858,0.0
6859,0.0
6860,0.0
6861,0.0
6862,0.0
6863,0.0
6864,0.0
6865,0.0
6866,0.0
6867,0.0
6868,0.0
6869,0.0
6870,0.0
6871,0.0
6872,0.0
6873,0.0
6874,0.0
6875,0.0
6876,0.0
6877,0.0
6878,0.0
6879,0.0
6880,0.0
6881,0.0
6882,0.0
6883,0.0
6884,0.0
6885,0.0
6886,0.0
6887,0.0
6888,0.0
6889,0.0
6890,0.0
6891,0.0
6892,0.0
6893,0.0
6894,0.0
6895,0.0
6896,0.0
6897,0.0
6898,0.0
6899,0.0
6900,0.0
6901,0.0
6902,0.0
6903,0.0
6904,0.0
6905,0.0
6906,0.0
6907,0.0
6908,0.0
6909,0.0
6910,0.0
6911,0.0
6912,0.0
6913,0.0
6914,0.0
6915,0.0
6916,0.0
6917,0.0
6918,0.0
6919,0.0
6920,0.0
6921,0.0
6922,0.0
6923,0.0
6924,0.0
6925,0.0
6926,0.0
6927,0.0
6928,0.0
6929,0.0
6930,0.0
6931,0.0
6932,0.0
6933,0.0
6934,0.0
6935,0.0
6936,0.0
6937,0.0
6938,0.0
6939,0.0
6940,0.0
6941,0.0
6942,0.0
6943,0.0
6944,0.0
6945,0.0
6946,0.0
6947,0.0
6948,0.0
6949,0.0
6950,0.0
6951,0.0
6952,0.0
6953,0.0
6954,0.0
6955,0.0
6956,0.0
6957,0.0
6958,0.0
6959,0.0
6960,0.0
6961,0.0
6962,0.0
6963,0.0
6964,0.0
6965,0.0
6966,0.0
6967,0.0
6968,0.0
6969,0.0
6970,0.0
6971,0.0
6972,0.0
6973,0.0
6974,0.0
6975,0.0
6976,0.0
6977,0.0
6978,0.0
6979,0.0
6980,0.0
6981,0.0
6982,0.0
6983,0.0
6984,0.0
6985,0.0
6986,0.0
6987,0.0
6988,0.0
6989,0.0
6990,0.0
6991,0.0
6992,0.0
6993,0.0
6994,0.0
6995,0.0
6996,0.0
6997,0.0
6998,0.0
6999,0.0
7000,0.0
7001,0.0
7002,0.0
7003,0.0
7004,0.0
7005,0.0
7006,0.0
7007,0.0
7008,0.0
7009,0.0
7010,0.0
7011,0.0
7012,0.0
7013,0.0
7014,0.0
7015,0.0
7016,0.0
7017,0.0
7018,0.0
7019,0.0
7020,0.0
7021,0.0
7022,0.0
7023,0.0
7024,0.0
7025,0.0
7026,0.0
7027,0.0
7028,0.0
7029,0.0
7030,0.0
7031,0.0
7032,0.0
7033,0.0
7034,0.0
7035,0.0
7036,0.0
7037,0.0
7038,0.0
7039,0.0
7040,0.0
7041,0.0
7042,0.0
7043,0.0
7044,0.0
7045,0.0
7046,0.0
7047,0.0
7048,0.0
7049,0.0
7050,0.0
7051,0.0
7052,0.0
7053,0.0
7054,0.0
7055,0.0
7056,0.0
7057,0.0
7058,0.0
7059,0.0
7060,0.0
7061,0.0
7062,0.0
7063,0.0
7064,0.0
7065,0.0
7066,0.0
7067,0.0
7068,0.0
7069,0.0
7070,0.0
7071,0.0
7072,0.0
7073,0.0
7074,0.0
7075,0.0
7076,0.0
7077,0.0
7078,0.0
7079,0.0
7080,0.0
7081,0.0
7082,0.0
7083,0.0
7084,0.0
7085,0.0
7086,0.0
7087,0.0
7088,0.0
7089,0.0
7090,0.0
7091,0.0
7092,0.0
7093,0.0
7094,0.0
7095,0.0
7096,0.0
7097,0.0
7098,0.0
7099,0.0
7100,0.0
7101,0.0
7102,0.0
7103,0.0
7104,0.0
7105,0.0
7106,0.0
7107,0.0
7108,0.0
7109,0.0
7110,0.0
7111,0.0
7112,0.0
7113,0.0
7114,0.0
7115,0.0
7116,0.0
7117,0.0
7118,0.0
7119,0.0
7120,0.0
7121,0.0
7122,0.0
7123,0.0
7124,0.0
7125,0.0
7126,0.0
7127,0.0
7128,0.0
7129,0.0
7130,0.0
7131,0.0
7132,0.0
7133,0.0
7134,0.0
7135,0.0
7136,0.0
7137,0.0
7138,0.0
7139,0.0
7140,0.0
7141,0.0
7142,0.0
7143,0.0
7144,0.0
7145,0.0
7146,0.0
7147,0.0
7148,0.0
7149,0.0
7150,0.0
7151,0.0
7152,0.0
7153,0.0
7154,0.0
7155,0.0
7156,0.0
7157,0.0
7158,0.0
7159,0.0
7160,0.0
7161,0.0
7162,0.0
7163,0.0
7164,0.0
7165,0.0
7166,0.0
7167,0.0
7168,0.0
7169,0.0
7170,0.0
7171,0.0
7172,0.0
7173,0.0
7174,0.0
7175,0.0
7176,0.0
7177,0.0
7178,0.0
7179,0.0
7180,0.0
7181,0.0
7182,0.0
7183,0.0
7184,0.0
7185,0.0
7186,0.0
7187,0.0
7188,0.0
7189,0.0
7190,0.0
7191,0.0
7192,0.0
7193,0.0
7194,0.0
7195,0.0
7196,0.0
7197,0.0
7198,0.0
7199,0.0
