Timestamp,Moon Altitude (degrees),Moon Phase (%)
2024-10-04 21:00:00-04:00,-23.150419050212346,4.551517009735107
2024-10-04 21:01:00-04:00,-23.374990547480486,4.554283142089844
2024-10-04 21:02:00-04:00,-23.59958765795802,4.5570502281188965
2024-10-04 21:03:00-04:00,-23.824212089192226,4.559817790985107
2024-10-04 21:04:00-04:00,-24.048862133635822,4.562586307525635
2024-10-04 21:05:00-04:00,-24.2735394988361,4.5653557777404785
2024-10-04 21:06:00-04:00,-24.498242477245764,4.568126201629639
2024-10-04 21:07:00-04:00,-24.722971068864815,4.570897102355957
2024-10-04 21:08:00-04:00,-24.947725273693255,4.573668956756592
2024-10-04 21:09:00-04:00,-25.172505091731082,4.576441287994385
2024-10-04 21:10:00-04:00,-25.397308815431007,4.579215049743652
2024-10-04 21:11:00-04:00,-25.622138152340316,4.581989288330078
2024-10-04 21:12:00-04:00,-25.846989687364427,4.584764003753662
2024-10-04 21:13:00-04:00,-26.071866835597927,4.587540149688721
2024-10-04 21:14:00-04:00,-26.296767889493523,4.5903167724609375
2024-10-04 21:15:00-04:00,-26.52169114150392,4.593094348907471
2024-10-04 21:16:00-04:00,-26.74663829917641,4.595872402191162
2024-10-04 21:17:00-04:00,-26.971609362511,4.598651885986328
2024-10-04 21:18:00-04:00,-27.196600916413097,4.601431846618652
2024-10-04 21:19:00-04:00,-27.42161637597729,4.604212284088135
2024-10-04 21:20:00-04:00,-27.646654033656286,4.606994152069092
2024-10-04 21:21:00-04:00,-27.87171218190279,4.609776496887207
2024-10-04 21:22:00-04:00,-28.09679423581139,4.6125593185424805
2024-10-04 21:23:00-04:00,-28.321895072740208,4.6153435707092285
2024-10-04 21:24:00-04:00,-28.547018107783828,4.618128299713135
2024-10-04 21:25:00-04:00,-28.77216163339496,4.620913982391357
2024-10-04 21:26:00-04:00,-28.997329064668182,4.623700141906738
2024-10-04 21:27:00-04:00,-29.222513571414336,4.626487731933594
2024-10-04 21:28:00-04:00,-29.447718568727996,4.629275798797607
2024-10-04 21:29:00-04:00,-29.672944056609165,4.632064342498779
2024-10-04 21:30:00-04:00,-29.898186619963262,4.634854316711426
2024-10-04 21:31:00-04:00,-30.123453088979453,4.6376447677612305
2024-10-04 21:32:00-04:00,-30.348733218373983,4.640436172485352
2024-10-04 21:33:00-04:00,-30.574037253430607,4.643228054046631
2024-10-04 21:34:00-04:00,-30.79935836396016,4.646020889282227
2024-10-04 21:35:00-04:00,-31.024696549962634,4.648814678192139
2024-10-04 21:36:00-04:00,-31.25005522653262,4.651609420776367
2024-10-04 21:37:00-04:00,-31.47543097857553,4.654404640197754
2024-10-04 21:38:00-04:00,-31.700823806091368,4.657200813293457
2024-10-04 21:39:00-04:00,-31.926233709080126,4.659997940063477
2024-10-04 21:40:00-04:00,-32.15166068754181,4.662795543670654
2024-10-04 21:41:00-04:00,-32.37710815657101,4.665594100952148
2024-10-04 21:42:00-04:00,-32.60256928597855,4.668393611907959
2024-10-04 21:43:00-04:00,-32.82804749085901,4.671193599700928
2024-10-04 21:44:00-04:00,-33.05354277121239,4.673994541168213
2024-10-04 21:45:00-04:00,-33.2790551270387,4.6767964363098145
2024-10-04 21:46:00-04:00,-33.50458114324336,4.679599285125732
2024-10-04 21:47:00-04:00,-33.73012423492093,4.682402610778809
2024-10-04 21:48:00-04:00,-33.955684402071434,4.685206890106201
2024-10-04 21:49:00-04:00,-34.181258229600274,4.68801212310791
2024-10-04 21:50:00-04:00,-34.40684571750745,4.690817832946777
2024-10-04 21:51:00-04:00,-34.63245028088756,4.693624496459961
2024-10-04 21:52:00-04:00,-34.858068504646006,4.696432113647461
2024-10-04 21:53:00-04:00,-35.08370380387738,4.699240207672119
2024-10-04 21:54:00-04:00,-35.3093493483925,4.702049732208252
2024-10-04 21:55:00-04:00,-35.53501196838055,4.704859733581543
2024-10-04 21:56:00-04:00,-35.760688248746945,4.707670211791992
2024-10-04 21:57:00-04:00,-35.986378189491674,4.710481643676758
2024-10-04 21:58:00-04:00,-36.212078375520164,4.71329402923584
2024-10-04 21:59:00-04:00,-36.43779563702157,4.716107368469238
2024-10-04 22:00:00-04:00,-36.663526558901324,4.718921184539795
2024-10-04 22:01:00-04:00,-36.88926772606483,4.721735954284668
2024-10-04 22:02:00-04:00,-37.11502255360668,4.724551677703857
2024-10-04 22:03:00-04:00,-37.34078762643228,4.727368354797363
2024-10-04 22:04:00-04:00,-37.56656977473081,4.730185508728027
2024-10-04 22:05:00-04:00,-37.7923587532185,4.733003616333008
2024-10-04 22:06:00-04:00,-38.01816139208454,4.7358222007751465
2024-10-04 22:07:00-04:00,-38.243977691328915,4.738641738891602
2024-10-04 22:08:00-04:00,-38.46980423585705,4.741462230682373
2024-10-04 22:09:00-04:00,-38.695644440763516,4.744283676147461
2024-10-04 22:10:00-04:00,-38.92149147585916,4.747105598449707
2024-10-04 22:11:00-04:00,-39.14735217133314,4.7499284744262695
2024-10-04 22:12:00-04:00,-39.373223112090876,4.752752304077148
2024-10-04 22:13:00-04:00,-39.599104298132374,4.755577087402344
2024-10-04 22:14:00-04:00,-39.82499572945762,4.758402347564697
2024-10-04 22:15:00-04:00,-40.05089740606662,4.761228561401367
2024-10-04 22:16:00-04:00,-40.27680932795938,4.764055252075195
2024-10-04 22:17:00-04:00,-40.50273149513589,4.76688289642334
2024-10-04 22:18:00-04:00,-40.72866390759616,4.769711494445801
2024-10-04 22:19:00-04:00,-40.95460315024559,4.772541046142578
2024-10-04 22:20:00-04:00,-41.18055263817878,4.775371074676514
2024-10-04 22:21:00-04:00,-41.40651237139573,4.778202056884766
2024-10-04 22:22:00-04:00,-41.632478934801846,4.781033992767334
2024-10-04 22:23:00-04:00,-41.85845574349172,4.7838664054870605
2024-10-04 22:24:00-04:00,-42.08444279746534,4.786700248718262
2024-10-04 22:25:00-04:00,-42.31043668162814,4.789534091949463
2024-10-04 22:26:00-04:00,-42.53643739598011,4.792369365692139
2024-10-04 22:27:00-04:00,-42.76244835561583,4.795205116271973
2024-10-04 22:28:00-04:00,-42.988466145440725,4.798041820526123
2024-10-04 22:29:00-04:00,-43.214490765454784,4.80087947845459
2024-10-04 22:30:00-04:00,-43.44052221565802,4.803717613220215
2024-10-04 22:31:00-04:00,-43.666563911145005,4.806556701660156
2024-10-04 22:32:00-04:00,-43.89260902172658,4.809396743774414
2024-10-04 22:33:00-04:00,-44.118664377591905,4.81223726272583
2024-10-04 22:34:00-04:00,-44.344723148551815,4.8150787353515625
2024-10-04 22:35:00-04:00,-44.570792164795485,4.817921161651611
2024-10-04 22:36:00-04:00,-44.79686459613374,4.820764064788818
2024-10-04 22:37:00-04:00,-45.022943857661154,4.823607921600342
2024-10-04 22:38:00-04:00,-45.24902994937775,4.826452732086182
2024-10-04 22:39:00-04:00,-45.47512287128351,4.829298496246338
2024-10-04 22:40:00-04:00,-45.70121920828386,4.832144737243652
2024-10-04 22:41:00-04:00,-45.92732237547337,4.834991931915283
2024-10-04 22:42:00-04:00,-46.15342895775748,4.8378400802612305
2024-10-04 22:43:00-04:00,-46.37954237023075,4.840688705444336
2024-10-04 22:44:00-04:00,-46.60566261289319,4.843538284301758
2024-10-04 22:45:00-04:00,-46.83178285555563,4.846388816833496
2024-10-04 22:46:00-04:00,-47.05790992840725,4.849239826202393
2024-10-04 22:47:00-04:00,-47.28404383144803,4.8520917892456055
2024-10-04 22:48:00-04:00,-47.510177734488806,4.854944705963135
2024-10-04 22:49:00-04:00,-47.73631846771876,4.8577985763549805
2024-10-04 22:50:00-04:00,-47.9624626160433,4.860652923583984
2024-10-04 22:51:00-04:00,-48.18861017946242,4.863508224487305
2024-10-04 22:52:00-04:00,-48.41476115797613,4.866364479064941
2024-10-04 22:53:00-04:00,-48.64091555158442,4.869221210479736
2024-10-04 22:54:00-04:00,-48.8670733602873,4.872078895568848
2024-10-04 22:55:00-04:00,-49.09323458408476,4.874937534332275
2024-10-04 22:56:00-04:00,-49.319399222976806,4.877796649932861
2024-10-04 22:57:00-04:00,-49.54556386186886,4.880656719207764
2024-10-04 22:58:00-04:00,-49.77173191585549,4.883517742156982
2024-10-04 22:59:00-04:00,-49.997903384936706,4.886379241943359
2024-10-04 23:00:00-04:00,-50.22407485401792,4.889241695404053
2024-10-04 23:01:00-04:00,-50.450249738193726,4.8921051025390625
2024-10-04 23:02:00-04:00,-50.676424622369524,4.894969463348389
2024-10-04 23:03:00-04:00,-50.90260292163991,4.897834300994873
2024-10-04 23:04:00-04:00,-51.1287812209103,4.900700092315674
2024-10-04 23:05:00-04:00,-51.354962935275275,4.903566837310791
2024-10-04 23:06:00-04:00,-51.581144649640244,4.906434059143066
2024-10-04 23:07:00-04:00,-51.80732294891063,4.909302234649658
2024-10-04 23:08:00-04:00,-52.03350807837019,4.912171363830566
2024-10-04 23:09:00-04:00,-52.25968979273516,4.915040969848633
2024-10-04 23:10:00-04:00,-52.485871507100136,4.917911529541016
2024-10-04 23:11:00-04:00,-52.712053221465105,4.920783042907715
2024-10-04 23:12:00-04:00,-52.93823493583008,4.9236555099487305
2024-10-04 23:13:00-04:00,-53.16441665019505,4.926528453826904
2024-10-04 23:14:00-04:00,-53.39059836456002,4.9294023513793945
2024-10-04 23:15:00-04:00,-53.61677666383041,4.932276725769043
2024-10-04 23:16:00-04:00,-53.842954963100794,4.935152053833008
2024-10-04 23:17:00-04:00,-54.06913326237118,4.938028335571289
2024-10-04 23:18:00-04:00,-54.29530814654699,4.940905570983887
2024-10-04 23:19:00-04:00,-54.52148303072279,4.943783283233643
2024-10-04 23:20:00-04:00,-54.74765449980401,4.946661949157715
2024-10-04 23:21:00-04:00,-54.97382255379064,4.9495415687561035
2024-10-04 23:22:00-04:00,-55.19999060777727,4.952422142028809
2024-10-04 23:23:00-04:00,-55.42615524666932,4.955303192138672
2024-10-04 23:24:00-04:00,-55.65231647046678,4.958184719085693
2024-10-04 23:25:00-04:00,-55.87847427916966,4.9610676765441895
2024-10-04 23:26:00-04:00,-56.10463208787253,4.963951110839844
2024-10-04 23:27:00-04:00,-56.33078306638624,4.9668354988098145
2024-10-04 23:28:00-04:00,-56.556930629805365,4.969720840454102
2024-10-04 23:29:00-04:00,-56.7830747781299,4.972606658935547
2024-10-04 23:30:00-04:00,-57.009212096265266,4.975493431091309
2024-10-04 23:31:00-04:00,-57.23534599930605,4.978381156921387
2024-10-04 23:32:00-04:00,-57.46147307215766,4.981269359588623
2024-10-04 23:33:00-04:00,-57.68760014500928,4.984158515930176
2024-10-04 23:34:00-04:00,-57.91372038767172,4.987048625946045
2024-10-04 23:35:00-04:00,-58.13983380014499,4.989939212799072
2024-10-04 23:36:00-04:00,-58.36594038242909,4.992830753326416
2024-10-04 23:37:00-04:00,-58.59204013452403,4.995723247528076
2024-10-04 23:38:00-04:00,-58.81813305642979,4.9986162185668945
2024-10-04 23:39:00-04:00,-59.04422597833555,5.0015106201171875
2024-10-04 23:40:00-04:00,-59.27030523986297,5.004405498504639
2024-10-04 23:41:00-04:00,-59.49637767120122,5.007300853729248
2024-10-04 23:42:00-04:00,-59.722443272350304,5.010197162628174
2024-10-04 23:43:00-04:00,-59.948502043310214,5.013094425201416
2024-10-04 23:44:00-04:00,-60.17454715389179,5.015992641448975
2024-10-04 23:45:00-04:00,-60.40058543428419,5.018891334533691
2024-10-04 23:46:00-04:00,-60.62661688448742,5.021790981292725
2024-10-04 23:47:00-04:00,-60.852641504501484,5.024691581726074
2024-10-04 23:48:00-04:00,-61.07865246413721,5.027592658996582
2024-10-04 23:49:00-04:00,-61.30465659358376,5.0304951667785645
2024-10-04 23:50:00-04:00,-61.530647062651965,5.033397674560547
2024-10-04 23:51:00-04:00,-61.756623871341844,5.036301612854004
2024-10-04 23:52:00-04:00,-61.982593849842544,5.039206027984619
2024-10-04 23:53:00-04:00,-62.2085501679649,5.042111396789551
2024-10-04 23:54:00-04:00,-62.434499655898094,5.045017242431641
2024-10-04 23:55:00-04:00,-62.66042865326378,5.047924518585205
2024-10-04 23:56:00-04:00,-62.88635082044029,5.050832271575928
2024-10-04 23:57:00-04:00,-63.11225249704929,5.053740501403809
2024-10-04 23:58:00-04:00,-63.338147343469124,5.056650161743164
2024-10-04 23:59:00-04:00,-63.564028529510615,5.059560298919678
2024-10-05 00:00:00-04:00,-63.7898892249846,5.06247091293335
2024-10-05 00:01:00-04:00,-64.01573626008023,5.065382957458496
2024-10-05 00:02:00-04:00,-64.24156963479754,5.068295478820801
2024-10-05 00:03:00-04:00,-64.46738251894733,5.071208477020264
2024-10-05 00:04:00-04:00,-64.69318174271878,5.074122905731201
2024-10-05 00:05:00-04:00,-64.9189673061119,5.077037811279297
2024-10-05 00:06:00-04:00,-65.14473237893749,5.079953670501709
2024-10-05 00:07:00-04:00,-65.37047696119559,5.082870006561279
2024-10-05 00:08:00-04:00,-65.59620105288617,5.085787773132324
2024-10-05 00:09:00-04:00,-65.82190465400924,5.088706016540527
2024-10-05 00:10:00-04:00,-66.0475877645648,5.091624736785889
2024-10-05 00:11:00-04:00,-66.27325721474202,5.094544410705566
2024-10-05 00:12:00-04:00,-66.49889934416257,5.0974650382995605
2024-10-05 00:13:00-04:00,-66.72451415282643,5.100386619567871
2024-10-05 00:14:00-04:00,-66.95011530111195,5.10330867767334
2024-10-05 00:15:00-04:00,-67.17568229845162,5.106231689453125
2024-10-05 00:16:00-04:00,-67.40123563541295,5.109155654907227
2024-10-05 00:17:00-04:00,-67.62675482142843,5.1120805740356445
2024-10-05 00:18:00-04:00,-67.85224668668722,5.115005970001221
2024-10-05 00:19:00-04:00,-68.07771806137852,5.117931842803955
2024-10-05 00:20:00-04:00,-68.30315528512396,5.120859146118164
2024-10-05 00:21:00-04:00,-68.52856518811272,5.123786926269531
2024-10-05 00:22:00-04:00,-68.75394094015563,5.126715660095215
2024-10-05 00:23:00-04:00,-68.97928937144187,5.129645347595215
2024-10-05 00:24:00-04:00,-69.20460365178225,5.132575511932373
2024-10-05 00:25:00-04:00,-69.42988378117677,5.135506629943848
2024-10-05 00:26:00-04:00,-69.65512975962545,5.1384382247924805
2024-10-05 00:27:00-04:00,-69.88034158712829,5.141371250152588
2024-10-05 00:28:00-04:00,-70.10551926368527,5.1443047523498535
2024-10-05 00:29:00-04:00,-70.33064912891805,5.147238731384277
2024-10-05 00:30:00-04:00,-70.55574484320499,5.150174140930176
2024-10-05 00:31:00-04:00,-70.78079957635691,5.153110027313232
2024-10-05 00:32:00-04:00,-71.00580649818465,5.156046390533447
2024-10-05 00:33:00-04:00,-71.23077243887735,5.158984184265137
2024-10-05 00:34:00-04:00,-71.45569056824588,5.161922454833984
2024-10-05 00:35:00-04:00,-71.68056088629021,5.164861679077148
2024-10-05 00:36:00-04:00,-71.90538339301035,5.167801380157471
2024-10-05 00:37:00-04:00,-72.13015125821713,5.170742034912109
2024-10-05 00:38:00-04:00,-72.35486448191055,5.1736836433410645
2024-10-05 00:39:00-04:00,-72.57952306409061,5.176626205444336
2024-10-05 00:40:00-04:00,-72.80412017456814,5.179569244384766
2024-10-05 00:41:00-04:00,-73.0286626435323,5.182513236999512
2024-10-05 00:42:00-04:00,-73.25314364079394,5.185458183288574
2024-10-05 00:43:00-04:00,-73.47754950597471,5.188403606414795
2024-10-05 00:44:00-04:00,-73.70189389945295,5.191349983215332
2024-10-05 00:45:00-04:00,-73.92616999103949,5.194296836853027
2024-10-05 00:46:00-04:00,-74.15036412035599,5.197245121002197
2024-10-05 00:47:00-04:00,-74.37448994778079,5.200193881988525
2024-10-05 00:48:00-04:00,-74.59852698274638,5.20314359664917
2024-10-05 00:49:00-04:00,-74.82248205544192,5.206093788146973
2024-10-05 00:50:00-04:00,-75.04634833567826,5.209044933319092
2024-10-05 00:51:00-04:00,-75.27012582345539,5.211997032165527
2024-10-05 00:52:00-04:00,-75.49380768858414,5.214949607849121
2024-10-05 00:53:00-04:00,-75.71738710087533,5.217903137207031
2024-10-05 00:54:00-04:00,-75.94085723013981,5.220857620239258
2024-10-05 00:55:00-04:00,-76.16421807637757,5.223813056945801
2024-10-05 00:56:00-04:00,-76.3874696395886,5.226768970489502
2024-10-05 00:57:00-04:00,-76.61059142920541,5.2297258377075195
2024-10-05 00:58:00-04:00,-76.83359027541715,5.2326836585998535
2024-10-05 00:59:00-04:00,-77.0564525178455,5.235641956329346
2024-10-05 01:00:00-04:00,-77.27917132630128,5.238601207733154
2024-10-05 01:01:00-04:00,-77.50173987059532,5.241560935974121
2024-10-05 01:02:00-04:00,-77.7241581507276,5.2445220947265625
2024-10-05 01:03:00-04:00,-77.94640567613065,5.247483730316162
2024-10-05 01:04:00-04:00,-78.16847561661528,5.25044584274292
2024-10-05 01:05:00-04:00,-78.39036114199232,5.253409385681152
2024-10-05 01:06:00-04:00,-78.61205542207259,5.256373405456543
2024-10-05 01:07:00-04:00,-78.83353796628859,5.25933837890625
2024-10-05 01:08:00-04:00,-79.05480877464032,5.262303829193115
2024-10-05 01:09:00-04:00,-79.27584052637111,5.265270233154297
2024-10-05 01:10:00-04:00,-79.4966195611026,5.268237590789795
2024-10-05 01:11:00-04:00,-79.71713904864563,5.271205902099609
2024-10-05 01:12:00-04:00,-79.9373784984327,5.274174690246582
2024-10-05 01:13:00-04:00,-80.15731741989627,5.277144432067871
2024-10-05 01:14:00-04:00,-80.37693532246887,5.280114650726318
2024-10-05 01:15:00-04:00,-80.59621171558295,5.283085823059082
2024-10-05 01:16:00-04:00,-80.81511927848186,5.286057949066162
2024-10-05 01:17:00-04:00,-81.03363069040891,5.289031028747559
2024-10-05 01:18:00-04:00,-81.25172546079659,5.292004585266113
2024-10-05 01:19:00-04:00,-81.46936260850987,5.294979095458984
2024-10-05 01:20:00-04:00,-81.68650798260292,5.297954559326172
2024-10-05 01:21:00-04:00,-81.9031206019407,5.300930500030518
2024-10-05 01:22:00-04:00,-82.11915948538821,5.30390739440918
2024-10-05 01:23:00-04:00,-82.3345836518104,5.306885242462158
2024-10-05 01:24:00-04:00,-82.54932479931561,5.309863567352295
2024-10-05 01:25:00-04:00,-82.76333511657961,5.312842845916748
2024-10-05 01:26:00-04:00,-82.97653947152156,5.315823078155518
2024-10-05 01:27:00-04:00,-83.18886273206058,5.318803787231445
2024-10-05 01:28:00-04:00,-83.4002297661158,5.321785926818848
2024-10-05 01:29:00-04:00,-83.61053812084965,5.32476806640625
2024-10-05 01:30:00-04:00,-83.81967851323544,5.327751636505127
2024-10-05 01:31:00-04:00,-84.02753483005728,5.330735683441162
2024-10-05 01:32:00-04:00,-84.23396363734257,5.333720684051514
2024-10-05 01:33:00-04:00,-84.43880784074042,5.336706161499023
2024-10-05 01:34:00-04:00,-84.64188302514324,5.339693069458008
2024-10-05 01:35:00-04:00,-84.8429911150651,5.342679977416992
2024-10-05 01:36:00-04:00,-85.0418793935067,5.345668315887451
2024-10-05 01:37:00-04:00,-85.23828148309042,5.348657131195068
2024-10-05 01:38:00-04:00,-85.4318695347361,5.351646900177002
2024-10-05 01:39:00-04:00,-85.62227471822854,5.354637622833252
2024-10-05 01:40:00-04:00,-85.80905990146087,5.35762882232666
2024-10-05 01:41:00-04:00,-85.9917264806237,5.360620975494385
2024-10-05 01:42:00-04:00,-86.1696802292592,5.363614082336426
2024-10-05 01:43:00-04:00,-86.34223129826124,5.366607666015625
2024-10-05 01:44:00-04:00,-86.50858738568607,5.369602203369141
2024-10-05 01:45:00-04:00,-86.66781958580658,5.372597694396973
2024-10-05 01:46:00-04:00,-86.81885555892306,5.375593662261963
2024-10-05 01:47:00-04:00,-86.96047270117411,5.3785905838012695
2024-10-05 01:48:00-04:00,-87.09129814453654,5.381588459014893
2024-10-05 01:49:00-04:00,-87.20980875682542,5.384587287902832
2024-10-05 01:50:00-04:00,-87.31439261339666,5.38758659362793
2024-10-05 01:51:00-04:00,-87.4033489971469,5.390586853027344
2024-10-05 01:52:00-04:00,-87.4750318324862,5.393587589263916
2024-10-05 01:53:00-04:00,-87.52794530798629,5.396589279174805
2024-10-05 01:54:00-04:00,-87.56085998959658,5.39959192276001
2024-10-05 01:55:00-04:00,-87.572969914995,5.402595520019531
2024-10-05 01:56:00-04:00,-87.56396772566893,5.405599594116211
2024-10-05 01:57:00-04:00,-87.53407198767178,5.408604621887207
2024-10-05 01:58:00-04:00,-87.4840476821906,5.411610126495361
2024-10-05 01:59:00-04:00,-87.41504911119515,5.41461706161499
2024-10-05 02:00:00-04:00,-87.32855842573527,5.417624473571777
2024-10-05 02:01:00-04:00,-87.22620121083347,5.420632362365723
2024-10-05 02:02:00-04:00,-87.10967818359305,5.423641681671143
2024-10-05 02:03:00-04:00,-86.98061492903648,5.4266510009765625
2024-10-05 02:04:00-04:00,-86.84056190010537,5.429661750793457
2024-10-05 02:05:00-04:00,-86.69090562520122,5.43267297744751
2024-10-05 02:06:00-04:00,-86.53289602894215,5.435685634613037
2024-10-05 02:07:00-04:00,-86.36761911140617,5.4386982917785645
2024-10-05 02:08:00-04:00,-86.19603109907712,5.441712379455566
2024-10-05 02:09:00-04:00,-86.01893795427702,5.444726943969727
2024-10-05 02:10:00-04:00,-85.83705001667958,5.447741985321045
2024-10-05 02:11:00-04:00,-85.65097517312093,5.450758457183838
2024-10-05 02:12:00-04:00,-85.46121885759963,5.453775405883789
2024-10-05 02:13:00-04:00,-85.26822503241175,5.456793308258057
2024-10-05 02:14:00-04:00,-85.07238301833998,5.459811687469482
2024-10-05 02:15:00-04:00,-84.8740138342753,5.462831020355225
2024-10-05 02:16:00-04:00,-84.67339751797368,5.465851306915283
2024-10-05 02:17:00-04:00,-84.4707936166236,5.468872547149658
2024-10-05 02:18:00-04:00,-84.26639337552179,5.471894264221191
2024-10-05 02:19:00-04:00,-84.06040170034338,5.474916934967041
2024-10-05 02:20:00-04:00,-83.8529688552501,5.477940082550049
2024-10-05 02:21:00-04:00,-83.6442382742145,5.480964183807373
2024-10-05 02:22:00-04:00,-83.43433290064166,5.483989238739014
2024-10-05 02:23:00-04:00,-83.22336201755832,5.487015247344971
2024-10-05 02:24:00-04:00,-83.01143490799116,5.490041732788086
2024-10-05 02:25:00-04:00,-82.79861987383191,5.493069171905518
2024-10-05 02:26:00-04:00,-82.58499887735059,5.496097564697266
2024-10-05 02:27:00-04:00,-82.37064705062808,5.499126434326172
2024-10-05 02:28:00-04:00,-82.15561903517774,5.5021562576293945
2024-10-05 02:29:00-04:00,-81.93996947251291,5.505187034606934
2024-10-05 02:30:00-04:00,-81.72374617395782,5.508218288421631
2024-10-05 02:31:00-04:00,-81.50700378102582,5.5112504959106445
2024-10-05 02:32:00-04:00,-81.28976961447356,5.514283657073975
2024-10-05 02:33:00-04:00,-81.07208465543609,5.517317295074463
2024-10-05 02:34:00-04:00,-80.85397622467006,5.520351886749268
2024-10-05 02:35:00-04:00,-80.63548530331053,5.523387432098389
2024-10-05 02:36:00-04:00,-80.41663238192497,5.526423454284668
2024-10-05 02:37:00-04:00,-80.19743795108093,5.529460430145264
2024-10-05 02:38:00-04:00,-79.97793616172423,5.532498359680176
2024-10-05 02:39:00-04:00,-79.75813384404405,5.535537242889404
2024-10-05 02:40:00-04:00,-79.53805831879707,5.538576602935791
2024-10-05 02:41:00-04:00,-79.31773007655079,5.541616439819336
2024-10-05 02:42:00-04:00,-79.0971559474944,5.5446577072143555
2024-10-05 02:43:00-04:00,-78.87636325238456,5.547699451446533
2024-10-05 02:44:00-04:00,-78.6553519912213,5.550742149353027
2024-10-05 02:45:00-04:00,-78.4341426545721,5.55378532409668
2024-10-05 02:46:00-04:00,-78.21274207262613,5.556829929351807
2024-10-05 02:47:00-04:00,-77.99116390576175,5.559874534606934
2024-10-05 02:48:00-04:00,-77.76942181435729,5.562920570373535
2024-10-05 02:49:00-04:00,-77.54752262860191,5.565967082977295
2024-10-05 02:50:00-04:00,-77.3254731786848,5.569014549255371
2024-10-05 02:51:00-04:00,-77.10328029479511,5.572062969207764
2024-10-05 02:52:00-04:00,-76.8809576373112,5.5751118659973145
2024-10-05 02:53:00-04:00,-76.65850520623304,5.578161716461182
2024-10-05 02:54:00-04:00,-76.43593666193901,5.581212043762207
2024-10-05 02:55:00-04:00,-76.2132520044291,5.584263801574707
2024-10-05 02:56:00-04:00,-75.99045806389245,5.587315559387207
2024-10-05 02:57:00-04:00,-75.76756850070741,5.590368747711182
2024-10-05 02:58:00-04:00,-75.54457648468484,5.5934224128723145
2024-10-05 02:59:00-04:00,-75.32149567620306,5.596477031707764
2024-10-05 03:00:00-04:00,-75.09832607526205,5.599532604217529
2024-10-05 03:01:00-04:00,-74.87506768186185,5.602588653564453
2024-10-05 03:02:00-04:00,-74.65174098656995,5.605645656585693
2024-10-05 03:03:00-04:00,-74.428332329008,5.60870361328125
2024-10-05 03:04:00-04:00,-74.20484853936517,5.611762046813965
2024-10-05 03:05:00-04:00,-73.98130327801984,5.614821434020996
2024-10-05 03:06:00-04:00,-73.75768971478279,5.617881774902344
2024-10-05 03:07:00-04:00,-73.53401467984321,5.62094259262085
2024-10-05 03:08:00-04:00,-73.3102781732011,5.62400484085083
2024-10-05 03:09:00-04:00,-73.08648702504563,5.6270670890808105
2024-10-05 03:10:00-04:00,-72.86264806556598,5.630130767822266
2024-10-05 03:11:00-04:00,-72.63874763438379,5.633194923400879
2024-10-05 03:12:00-04:00,-72.41480622206657,5.636260032653809
2024-10-05 03:13:00-04:00,-72.19081016823601,5.6393256187438965
2024-10-05 03:14:00-04:00,-71.96677996345959,5.642392158508301
2024-10-05 03:15:00-04:00,-71.74269511716982,5.6454596519470215
2024-10-05 03:16:00-04:00,-71.51857611993418,5.6485276222229
2024-10-05 03:17:00-04:00,-71.29442297175271,5.651596546173096
2024-10-05 03:18:00-04:00,-71.07022201224704,5.654666423797607
2024-10-05 03:19:00-04:00,-70.84599373198469,5.6577372550964355
2024-10-05 03:20:00-04:00,-70.62173130077649,5.660808563232422
2024-10-05 03:21:00-04:00,-70.39743471862243,5.663880825042725
2024-10-05 03:22:00-04:00,-70.17310398552254,5.6669535636901855
2024-10-05 03:23:00-04:00,-69.94875276185513,5.670027256011963
2024-10-05 03:24:00-04:00,-69.72436738724187,5.673101902008057
2024-10-05 03:25:00-04:00,-69.49995469187193,5.676177501678467
2024-10-05 03:26:00-04:00,-69.27552150593449,5.679253578186035
2024-10-05 03:27:00-04:00,-69.05106099924036,5.68233060836792
2024-10-05 03:28:00-04:00,-68.82657317178955,5.685408115386963
2024-10-05 03:29:00-04:00,-68.6020716839604,5.6884870529174805
2024-10-05 03:30:00-04:00,-68.37754287537457,5.691565990447998
2024-10-05 03:31:00-04:00,-68.1530004064104,5.69464635848999
2024-10-05 03:32:00-04:00,-67.92843061668955,5.697727203369141
2024-10-05 03:33:00-04:00,-67.70384716659036,5.700809001922607
2024-10-05 03:34:00-04:00,-67.47925005611283,5.703891754150391
2024-10-05 03:35:00-04:00,-67.25463245506779,5.706974983215332
2024-10-05 03:36:00-04:00,-67.03000119364441,5.71005916595459
2024-10-05 03:37:00-04:00,-66.8053562718427,5.713144302368164
2024-10-05 03:38:00-04:00,-66.58069768966264,5.7162299156188965
2024-10-05 03:39:00-04:00,-66.35602544710424,5.719316482543945
2024-10-05 03:40:00-04:00,-66.1313395441675,5.722403526306152
2024-10-05 03:41:00-04:00,-65.90664681104158,5.725492000579834
2024-10-05 03:42:00-04:00,-65.68194041753733,5.728580951690674
2024-10-05 03:43:00-04:00,-65.45722719384392,5.731670379638672
2024-10-05 03:44:00-04:00,-65.23250030977216,5.7347612380981445
2024-10-05 03:45:00-04:00,-65.00776659551123,5.737852573394775
2024-10-05 03:46:00-04:00,-64.78302605106113,5.7409443855285645
2024-10-05 03:47:00-04:00,-64.55827184623269,5.744037628173828
2024-10-05 03:48:00-04:00,-64.33351764140426,5.74713134765625
2024-10-05 03:49:00-04:00,-64.10874977619747,5.75022554397583
2024-10-05 03:50:00-04:00,-63.88398191099069,5.753321170806885
2024-10-05 03:51:00-04:00,-63.65920721559474,5.756417274475098
2024-10-05 03:52:00-04:00,-63.43443252019879,5.759513854980469
2024-10-05 03:53:00-04:00,-63.2096441644245,5.7626118659973145
2024-10-05 03:54:00-04:00,-62.98486263883938,5.765710353851318
2024-10-05 03:55:00-04:00,-62.76006745287592,5.768809795379639
2024-10-05 03:56:00-04:00,-62.535272266912465,5.771909713745117
2024-10-05 03:57:00-04:00,-62.310477080949006,5.775010585784912
2024-10-05 03:58:00-04:00,-62.08568189498555,5.778112411499023
2024-10-05 03:59:00-04:00,-61.86087987883292,5.781214714050293
2024-10-05 04:00:00-04:00,-61.63608469286945,5.784317970275879
2024-10-05 04:01:00-04:00,-61.41128267671682,5.787422180175781
2024-10-05 04:02:00-04:00,-61.18648066056419,5.790526866912842
2024-10-05 04:03:00-04:00,-60.96167864441157,5.793632507324219
2024-10-05 04:04:00-04:00,-60.73687662825894,5.796739101409912
2024-10-05 04:05:00-04:00,-60.51207461210631,5.799846649169922
2024-10-05 04:06:00-04:00,-60.287279426142845,5.80295467376709
2024-10-05 04:07:00-04:00,-60.06248424017939,5.806063652038574
2024-10-05 04:08:00-04:00,-59.83768905421593,5.809173107147217
2024-10-05 04:09:00-04:00,-59.61289386825247,5.812283515930176
2024-10-05 04:10:00-04:00,-59.38810551247818,5.815394878387451
2024-10-05 04:11:00-04:00,-59.16331715670389,5.818506717681885
2024-10-05 04:12:00-04:00,-58.9385288009296,5.821619510650635
2024-10-05 04:13:00-04:00,-58.71374727534448,5.824733257293701
2024-10-05 04:14:00-04:00,-58.48897257994853,5.827847957611084
2024-10-05 04:15:00-04:00,-58.26419788455258,5.830963134765625
2024-10-05 04:16:00-04:00,-58.0394300193458,5.834079265594482
2024-10-05 04:17:00-04:00,-57.81466898432819,5.837195873260498
2024-10-05 04:18:00-04:00,-57.58991477949975,5.84031343460083
2024-10-05 04:19:00-04:00,-57.365160574671314,5.8434319496154785
2024-10-05 04:20:00-04:00,-57.14041320003204,5.846550941467285
2024-10-05 04:21:00-04:00,-56.91567265558194,5.849671363830566
2024-10-05 04:22:00-04:00,-56.690938941321015,5.852791786193848
2024-10-05 04:23:00-04:00,-56.46621205724925,5.8559136390686035
2024-10-05 04:24:00-04:00,-56.24148858827208,5.859035968780518
2024-10-05 04:25:00-04:00,-56.01677536457866,5.862159252166748
2024-10-05 04:26:00-04:00,-55.792068971074414,5.865283012390137
2024-10-05 04:27:00-04:00,-55.56736940775933,5.868408203125
2024-10-05 04:28:00-04:00,-55.342680089728006,5.871533393859863
2024-10-05 04:29:00-04:00,-55.117997601885854,5.874660015106201
2024-10-05 04:30:00-04:00,-54.893321944232866,5.877787113189697
2024-10-05 04:31:00-04:00,-54.66865653186364,5.88091516494751
2024-10-05 04:32:00-04:00,-54.44400136477817,5.8840436935424805
2024-10-05 04:33:00-04:00,-54.21935302788186,5.887173652648926
2024-10-05 04:34:00-04:00,-53.99471493626931,5.890304088592529
2024-10-05 04:35:00-04:00,-53.77008708994052,5.893435001373291
2024-10-05 04:36:00-04:00,-53.54546607380089,5.896566867828369
2024-10-05 04:37:00-04:00,-53.32085871803961,5.899699687957764
2024-10-05 04:38:00-04:00,-53.09626160756208,5.902833461761475
2024-10-05 04:39:00-04:00,-52.87167132727372,5.905967712402344
2024-10-05 04:40:00-04:00,-52.6470947073637,5.909102916717529
2024-10-05 04:41:00-04:00,-52.422528332737436,5.912238597869873
2024-10-05 04:42:00-04:00,-52.19797561848951,5.915375232696533
2024-10-05 04:43:00-04:00,-51.97343314952534,5.91851282119751
2024-10-05 04:44:00-04:00,-51.74890092584493,5.921651363372803
2024-10-05 04:45:00-04:00,-51.52438236254285,5.924790382385254
2024-10-05 04:46:00-04:00,-51.299874044524536,5.9279303550720215
2024-10-05 04:47:00-04:00,-51.075379386884556,5.931070804595947
2024-10-05 04:48:00-04:00,-50.85089838962292,5.934212684631348
2024-10-05 04:49:00-04:00,-50.62642763764503,5.937354564666748
2024-10-05 04:50:00-04:00,-50.40197054604549,5.940497875213623
2024-10-05 04:51:00-04:00,-50.17753052991887,5.943641662597656
2024-10-05 04:52:00-04:00,-49.95310075907601,5.946786403656006
2024-10-05 04:53:00-04:00,-49.728684648611484,5.949932098388672
2024-10-05 04:54:00-04:00,-49.504282198525296,5.953078269958496
2024-10-05 04:55:00-04:00,-49.27989340881745,5.956225395202637
2024-10-05 04:56:00-04:00,-49.05552169458254,5.9593729972839355
2024-10-05 04:57:00-04:00,-48.831163640725954,5.962521553039551
2024-10-05 04:58:00-04:00,-48.606819247247714,5.965671062469482
2024-10-05 04:59:00-04:00,-48.382491929242406,5.9688215255737305
2024-10-05 05:00:00-04:00,-48.15817827161543,5.971972465515137
2024-10-05 05:01:00-04:00,-47.9338782743668,5.975124359130859
2024-10-05 05:02:00-04:00,-47.70959535259109,5.97827672958374
2024-10-05 05:03:00-04:00,-47.4853295062883,5.981430530548096
2024-10-05 05:04:00-04:00,-47.26108073545844,5.984584331512451
2024-10-05 05:05:00-04:00,-47.036845625006926,5.987739562988281
2024-10-05 05:06:00-04:00,-46.812627590028335,5.9908952713012695
2024-10-05 05:07:00-04:00,-46.58842663052266,5.994051933288574
2024-10-05 05:08:00-04:00,-46.36424274648992,5.997209548950195
2024-10-05 05:09:00-04:00,-46.1400759379301,6.000367641448975
2024-10-05 05:10:00-04:00,-45.91592620484321,6.00352668762207
2024-10-05 05:11:00-04:00,-45.69179354722924,6.006686210632324
2024-10-05 05:12:00-04:00,-45.46768138018278,6.0098466873168945
2024-10-05 05:13:00-04:00,-45.24358628860925,6.013008117675781
2024-10-05 05:14:00-04:00,-45.01950827250864,6.016170501708984
2024-10-05 05:15:00-04:00,-44.79544733188096,6.019333362579346
2024-10-05 05:16:00-04:00,-44.571406881820785,6.022497177124023
2024-10-05 05:17:00-04:00,-44.34738350723354,6.025661468505859
2024-10-05 05:18:00-04:00,-44.1233806232138,6.02882719039917
2024-10-05 05:19:00-04:00,-43.899398229761566,6.0319929122924805
2024-10-05 05:20:00-04:00,-43.67543632687685,6.035160064697266
2024-10-05 05:21:00-04:00,-43.45149149946506,6.038327693939209
2024-10-05 05:22:00-04:00,-43.22756716262077,6.041496276855469
2024-10-05 05:23:00-04:00,-43.003663316344,6.044665336608887
2024-10-05 05:24:00-04:00,-42.77977654554015,6.047835826873779
2024-10-05 05:25:00-04:00,-42.5559136803984,6.05100679397583
2024-10-05 05:26:00-04:00,-42.33207130582416,6.054178237915039
2024-10-05 05:27:00-04:00,-42.10825283691201,6.0573506355285645
2024-10-05 05:28:00-04:00,-41.884451443472784,6.060523986816406
2024-10-05 05:29:00-04:00,-41.66067395569566,6.0636982917785645
2024-10-05 05:30:00-04:00,-41.436916958486044,6.066873073577881
2024-10-05 05:31:00-04:00,-41.21318045184393,6.070048809051514
2024-10-05 05:32:00-04:00,-40.989467850863925,6.073225021362305
2024-10-05 05:33:00-04:00,-40.76577915554601,6.076402187347412
2024-10-05 05:34:00-04:00,-40.542110950795596,6.079580307006836
2024-10-05 05:35:00-04:00,-40.3184632366127,6.082758903503418
2024-10-05 05:36:00-04:00,-40.094842843186484,6.085938930511475
2024-10-05 05:37:00-04:00,-39.871242940327775,6.089118957519531
2024-10-05 05:38:00-04:00,-39.647670358225746,6.0923004150390625
2024-10-05 05:39:00-04:00,-39.42411826669123,6.095482349395752
2024-10-05 05:40:00-04:00,-39.200590080818806,6.098665237426758
2024-10-05 05:41:00-04:00,-38.97708580060848,6.101848602294922
2024-10-05 05:42:00-04:00,-38.75360884115483,6.105032920837402
2024-10-05 05:43:00-04:00,-38.53015578736328,6.108218193054199
2024-10-05 05:44:00-04:00,-38.30672663923382,6.1114044189453125
2024-10-05 05:45:00-04:00,-38.08332139676646,6.114591121673584
2024-10-05 05:46:00-04:00,-37.85994347505578,6.117778778076172
2024-10-05 05:47:00-04:00,-37.63658945900719,6.120966911315918
2024-10-05 05:48:00-04:00,-37.41326276371529,6.1241559982299805
2024-10-05 05:49:00-04:00,-37.18996338918006,6.127346038818359
2024-10-05 05:50:00-04:00,-36.966687920306924,6.1305365562438965
2024-10-05 05:51:00-04:00,-36.74343977219048,6.13372802734375
2024-10-05 05:52:00-04:00,-36.5202189448307,6.13692045211792
2024-10-05 05:53:00-04:00,-36.297025438227614,6.140113830566406
2024-10-05 05:54:00-04:00,-36.073855837286615,6.143307685852051
2024-10-05 05:55:00-04:00,-35.850716972196885,6.1465020179748535
2024-10-05 05:56:00-04:00,-35.627608842958416,6.149697780609131
2024-10-05 05:57:00-04:00,-35.404524619382045,6.152894020080566
2024-10-05 05:58:00-04:00,-35.18147113165694,6.156091213226318
2024-10-05 05:59:00-04:00,-34.95844496468851,6.1592888832092285
2024-10-05 06:00:00-04:00,-34.735446118476766,6.162487506866455
2024-10-05 06:01:00-04:00,-34.51247800811628,6.165687084197998
2024-10-05 06:02:00-04:00,-34.28954063360707,6.168887138366699
2024-10-05 06:03:00-04:00,-34.06663057985453,6.172088146209717
2024-10-05 06:04:00-04:00,-33.84375126195326,6.175290107727051
2024-10-05 06:05:00-04:00,-33.62090267990325,6.178492546081543
2024-10-05 06:06:00-04:00,-33.398084833704516,6.181695938110352
2024-10-05 06:07:00-04:00,-33.17529772335704,6.184900283813477
2024-10-05 06:08:00-04:00,-32.952537933766244,6.18810510635376
2024-10-05 06:09:00-04:00,-32.7298122951213,6.191310882568359
2024-10-05 06:10:00-04:00,-32.507120807422204,6.194517612457275
2024-10-05 06:11:00-04:00,-32.28445664047979,6.19772481918335
2024-10-05 06:12:00-04:00,-32.06182662448322,6.20093297958374
2024-10-05 06:13:00-04:00,-31.839230759432503,6.204142093658447
2024-10-05 06:14:00-04:00,-31.616665630233054,6.2073516845703125
2024-10-05 06:15:00-04:00,-31.394134651979453,6.210562229156494
2024-10-05 06:16:00-04:00,-31.171634409577116,6.213773727416992
2024-10-05 06:17:00-04:00,-30.949168318120634,6.216985702514648
2024-10-05 06:18:00-04:00,-30.72673979270458,6.220198631286621
2024-10-05 06:19:00-04:00,-30.504342003139797,6.223412036895752
2024-10-05 06:20:00-04:00,-30.281978364520864,6.226626873016357
2024-10-05 06:21:00-04:00,-30.059648876847778,6.229842185974121
2024-10-05 06:22:00-04:00,-29.837356955215128,6.233057975769043
2024-10-05 06:23:00-04:00,-29.615099184528326,6.236274719238281
2024-10-05 06:24:00-04:00,-29.392875564787378,6.239492416381836
2024-10-05 06:25:00-04:00,-29.170689511086863,6.242711067199707
2024-10-05 06:26:00-04:00,-28.948541023426785,6.245930194854736
2024-10-05 06:27:00-04:00,-28.726426686712554,6.249150276184082
2024-10-05 06:28:00-04:00,-28.50434991603876,6.252371311187744
2024-10-05 06:29:00-04:00,-28.282309003858106,6.2555928230285645
2024-10-05 06:30:00-04:00,-28.06030736526518,6.258815288543701
2024-10-05 06:31:00-04:00,-27.838343292712693,6.262038230895996
2024-10-05 06:32:00-04:00,-27.616416786200638,6.265262126922607
2024-10-05 06:33:00-04:00,-27.39452784572902,6.268486976623535
2024-10-05 06:34:00-04:00,-27.17267988639242,6.271712779998779
2024-10-05 06:35:00-04:00,-26.950869493096256,6.274939060211182
2024-10-05 06:36:00-04:00,-26.72909837338782,6.2781662940979
2024-10-05 06:37:00-04:00,-26.50736652726711,6.281394004821777
2024-10-05 06:38:00-04:00,-26.28567566228142,6.284622669219971
2024-10-05 06:39:00-04:00,-26.064025778430754,6.2878522872924805
2024-10-05 06:40:00-04:00,-25.84241516816781,6.291082382202148
2024-10-05 06:41:00-04:00,-25.620847246587182,6.294313907623291
2024-10-05 06:42:00-04:00,-25.39931859859428,6.297545433044434
2024-10-05 06:43:00-04:00,-25.177834346830984,6.300778388977051
2024-10-05 06:44:00-04:00,-24.95638936865542,6.304011821746826
2024-10-05 06:45:00-04:00,-24.734988786709454,6.307246208190918
2024-10-05 06:46:00-04:00,-24.513630893445804,6.310481071472168
2024-10-05 06:47:00-04:00,-24.292315688864466,6.313716888427734
2024-10-05 06:48:00-04:00,-24.071044880512733,6.316953659057617
2024-10-05 06:49:00-04:00,-23.84981676084331,6.320190906524658
2024-10-05 06:50:00-04:00,-23.628633037403496,6.323429107666016
2024-10-05 06:51:00-04:00,-23.407495417740577,6.3266682624816895
2024-10-05 06:52:00-04:00,-23.186400486759972,6.3299078941345215
2024-10-05 06:53:00-04:00,-22.965353367103557,6.33314847946167
2024-10-05 06:54:00-04:00,-22.744350643676746,6.336390018463135
2024-10-05 06:55:00-04:00,-22.523394024026835,6.339632034301758
2024-10-05 06:56:00-04:00,-22.30248350815382,6.342875003814697
2024-10-05 06:57:00-04:00,-22.081620803604995,6.346118927001953
2024-10-05 06:58:00-04:00,-21.86080591038036,6.349363327026367
2024-10-05 06:59:00-04:00,-21.640037120932625,6.352608680725098
2024-10-05 07:00:00-04:00,-21.419317850356368,6.355854511260986
2024-10-05 07:01:00-04:00,-21.198646391104305,6.35910177230835
2024-10-05 07:02:00-04:00,-20.978024450723723,6.362349510192871
2024-10-05 07:03:00-04:00,-20.75745032166733,6.365597724914551
2024-10-05 07:04:00-04:00,-20.536927419029716,6.368846893310547
2024-10-05 07:05:00-04:00,-20.31645403526358,6.372097015380859
2024-10-05 07:06:00-04:00,-20.09603187791622,6.375348091125488
2024-10-05 07:07:00-04:00,-19.875659239440346,6.378599643707275
2024-10-05 07:08:00-04:00,-19.655337827383242,6.381852149963379
2024-10-05 07:09:00-04:00,-19.43506934929221,6.385105133056641
2024-10-05 07:10:00-04:00,-19.214853805167245,6.388359069824219
2024-10-05 07:11:00-04:00,-18.994689487461052,6.391613960266113
2024-10-05 07:12:00-04:00,-18.77457810372093,6.394869804382324
2024-10-05 07:13:00-04:00,-18.554521361494167,6.398126125335693
2024-10-05 07:14:00-04:00,-18.33451755323347,6.401383399963379
2024-10-05 07:15:00-04:00,-18.114568386486134,6.404641151428223
2024-10-05 07:16:00-04:00,-17.894675568799453,6.407899856567383
2024-10-05 07:17:00-04:00,-17.674835685078836,6.411159515380859
2024-10-05 07:18:00-04:00,-17.455053857966167,6.414419651031494
2024-10-05 07:19:00-04:00,-17.235326672366856,6.417680740356445
2024-10-05 07:20:00-04:00,-17.0156558358282,6.420942783355713
2024-10-05 07:21:00-04:00,-16.796043055897485,6.424205303192139
2024-10-05 07:22:00-04:00,-16.57648833257472,6.427468776702881
2024-10-05 07:23:00-04:00,-16.356989958312603,6.4307332038879395
2024-10-05 07:24:00-04:00,-16.137551348205726,6.433998107910156
2024-10-05 07:25:00-04:00,-15.918172502254087,6.4372639656066895
2024-10-05 07:26:00-04:00,-15.698851712910393,6.440530776977539
2024-10-05 07:27:00-04:00,-15.479592395269227,6.443798065185547
2024-10-05 07:28:00-04:00,-15.260392841783302,6.447066307067871
2024-10-05 07:29:00-04:00,-15.041254759999905,6.450335502624512
2024-10-05 07:30:00-04:00,-14.822178149919038,6.4536051750183105
2024-10-05 07:31:00-04:00,-14.603163011540701,6.456875801086426
2024-10-05 07:32:00-04:00,-14.384211052412189,6.460147380828857
2024-10-05 07:33:00-04:00,-14.16532141875985,6.463419437408447
2024-10-05 07:34:00-04:00,-13.946495818130982,6.4666924476623535
2024-10-05 07:35:00-04:00,-13.727734250525582,6.469965934753418
2024-10-05 07:36:00-04:00,-13.509037569717298,6.473240375518799
2024-10-05 07:37:00-04:00,-13.290405775706128,6.476515769958496
2024-10-05 07:38:00-04:00,-13.071839722265722,6.47979211807251
2024-10-05 07:39:00-04:00,-12.853339409396074,6.483068943023682
2024-10-05 07:40:00-04:00,-12.634906544644481,6.48634672164917
2024-10-05 07:41:00-04:00,-12.416541128010943,6.489624977111816
2024-10-05 07:42:00-04:00,-12.198244013269104,6.492904186248779
2024-10-05 07:43:00-04:00,-11.98001434664532,6.496184349060059
2024-10-05 07:44:00-04:00,-11.76185383568688,6.499464988708496
2024-10-05 07:45:00-04:00,-11.543763334167433,6.50274658203125
2024-10-05 07:46:00-04:00,-11.325743695860627,6.50602912902832
2024-10-05 07:47:00-04:00,-11.107793213219166,6.509312152862549
2024-10-05 07:48:00-04:00,-10.889915301337638,6.512596130371094
2024-10-05 07:49:00-04:00,-10.672109106442393,6.515881061553955
2024-10-05 07:50:00-04:00,-10.45437548230708,6.519166469573975
2024-10-05 07:51:00-04:00,-10.2367144289317,6.5224528312683105
2024-10-05 07:52:00-04:00,-10.019127653863542,6.525740146636963
2024-10-05 07:53:00-04:00,-9.801615157102608,6.529027938842773
2024-10-05 07:54:00-04:00,-9.584176938648898,6.5323166847229
2024-10-05 07:55:00-04:00,-9.366814706049706,6.535606384277344
2024-10-05 07:56:00-04:00,-9.149529313078675,6.538896560668945
2024-10-05 07:57:00-04:00,-8.93231990596216,6.542187690734863
2024-10-05 07:58:00-04:00,-8.715188192247455,6.5454792976379395
2024-10-05 07:59:00-04:00,-8.498135025708205,6.54877233505249
2024-10-05 08:00:00-04:00,-8.28116040634441,6.552065372467041
2024-10-05 08:01:00-04:00,-8.060326730099558,6.555359840393066
2024-10-05 08:02:00-04:00,-7.836395563066104,6.55865478515625
2024-10-05 08:03:00-04:00,-7.611266551606961,6.56195068359375
2024-10-05 08:04:00-04:00,-7.384664780608032,6.565247058868408
2024-10-05 08:05:00-04:00,-7.15623508023248,6.568544387817383
2024-10-05 08:06:00-04:00,-6.925516839598149,6.571842670440674
2024-10-05 08:07:00-04:00,-6.691854787431544,6.575141906738281
2024-10-05 08:08:00-04:00,-6.45446729395952,6.578441619873047
2024-10-05 08:09:00-04:00,-6.212168894474256,6.581741809844971
2024-10-05 08:10:00-04:00,-5.9632810699872225,6.585043430328369
2024-10-05 08:11:00-04:00,-5.705278358052807,6.588345527648926
2024-10-05 08:12:00-04:00,-5.434141192344457,6.591648101806641
2024-10-05 08:13:00-04:00,-5.1428310629224745,6.59495210647583
2024-10-05 08:14:00-04:00,-4.817862615044316,6.598256587982178
2024-10-05 08:15:00-04:00,-4.427685924273222,6.601561546325684
2024-10-05 08:16:00-04:00,-3.8880173100248814,6.604867458343506
2024-10-05 08:17:00-04:00,-3.284842664090821,6.6081743240356445
2024-10-05 08:18:00-04:00,-2.9330473675869673,6.6114821434021
2024-10-05 08:19:00-04:00,-2.6937399506279345,6.614790439605713
2024-10-05 08:20:00-04:00,-2.5000300227942605,6.618099689483643
2024-10-05 08:21:00-04:00,-2.329116918532562,6.6214094161987305
2024-10-05 08:22:00-04:00,-2.170750018002531,6.624720573425293
2024-10-05 08:23:00-04:00,-2.019414797223028,6.6280317306518555
2024-10-05 08:24:00-04:00,-1.871743759489825,6.631344318389893
2024-10-05 08:25:00-04:00,-1.7255244571203672,6.634657382965088
2024-10-05 08:26:00-04:00,-1.5792171093436396,6.6379714012146
2024-10-05 08:27:00-04:00,-1.4317027390745238,6.6412858963012695
2024-10-05 08:28:00-04:00,-1.2822119895360415,6.644601345062256
2024-10-05 08:29:00-04:00,-1.130132278137007,6.647917747497559
2024-10-05 08:30:00-04:00,-0.9750736437644949,6.6512346267700195
2024-10-05 08:31:00-04:00,-0.8167779266122198,6.654552459716797
2024-10-05 08:32:00-04:00,-0.6551212227797696,6.657871246337891
2024-10-05 08:33:00-04:00,-0.49001607382925627,6.661190509796143
2024-10-05 08:34:00-04:00,-0.3215276867229124,6.664510726928711
2024-10-05 08:35:00-04:00,-0.14974824233410655,6.667831897735596
2024-10-05 08:36:00-04:00,0.02518416978751321,6.671153545379639
2024-10-05 08:37:00-04:00,0.20309887662150258,6.674476146697998
2024-10-05 08:38:00-04:00,0.38380436439931015,6.677799224853516
2024-10-05 08:39:00-04:00,0.567098227068288,6.68112325668335
2024-10-05 08:40:00-04:00,0.7527749986643807,6.6844482421875
2024-10-05 08:41:00-04:00,0.940632201431294,6.687774181365967
2024-10-05 08:42:00-04:00,1.1304744279257424,6.691100597381592
2024-10-05 08:43:00-04:00,1.3221166227099006,6.694427967071533
2024-10-05 08:44:00-04:00,1.5153852562901682,6.697755813598633
2024-10-05 08:45:00-04:00,1.7101198192210496,6.701084613800049
2024-10-05 08:46:00-04:00,1.9061726086617437,6.704414367675781
2024-10-05 08:47:00-04:00,2.1034086216544363,6.707744598388672
2024-10-05 08:48:00-04:00,2.3017056618460083,6.711075782775879
2024-10-05 08:49:00-04:00,2.500952311775624,6.714407920837402
2024-10-05 08:50:00-04:00,2.7010482530398483,6.717740535736084
2024-10-05 08:51:00-04:00,2.9019029856321783,6.721074104309082
2024-10-05 08:52:00-04:00,3.1034351876128095,6.7244086265563965
2024-10-05 08:53:00-04:00,3.305571221004752,6.727743625640869
2024-10-05 08:54:00-04:00,3.5082451317938323,6.731079578399658
2024-10-05 08:55:00-04:00,3.711397155824814,6.7344160079956055
2024-10-05 08:56:00-04:00,3.9149743591316293,6.737753868103027
2024-10-05 08:57:00-04:00,4.118927649729618,6.741091728210449
2024-10-05 08:58:00-04:00,4.323213485162822,6.744431018829346
2024-10-05 08:59:00-04:00,4.527767832407772,6.7477707862854
2024-10-05 09:00:00-04:00,4.732608193824216,6.7511115074157715
2024-10-05 09:01:00-04:00,4.937673524596448,6.754452705383301
2024-10-05 09:02:00-04:00,5.142933942646848,6.7577948570251465
2024-10-05 09:03:00-04:00,5.348362980992383,6.761137962341309
2024-10-05 09:04:00-04:00,5.55393716085778,6.764481544494629
2024-10-05 09:05:00-04:00,5.759633430354592,6.767826080322266
2024-10-05 09:06:00-04:00,5.96543172580213,6.771171569824219
2024-10-05 09:07:00-04:00,6.171314117953825,6.77451753616333
2024-10-05 09:08:00-04:00,6.377262677563103,6.777864456176758
2024-10-05 09:09:00-04:00,6.583262463591158,6.781212329864502
2024-10-05 09:10:00-04:00,6.789298534999177,6.784560680389404
2024-10-05 09:11:00-04:00,6.995358085182469,6.787909984588623
2024-10-05 09:12:00-04:00,7.201428734423161,6.791260242462158
2024-10-05 09:13:00-04:00,7.407498103003385,6.794610977172852
2024-10-05 09:14:00-04:00,7.613557226299854,6.797962665557861
2024-10-05 09:15:00-04:00,7.819595005255166,6.801314830780029
2024-10-05 09:16:00-04:00,8.025602048359213,6.804667949676514
2024-10-05 09:17:00-04:00,8.231571525422824,6.8080220222473145
2024-10-05 09:18:00-04:00,8.437493191162247,6.811376571655273
2024-10-05 09:19:00-04:00,8.643360215388308,6.814732074737549
2024-10-05 09:20:00-04:00,8.849166621685486,6.818088531494141
2024-10-05 09:21:00-04:00,9.054903872317318,6.821445465087891
2024-10-05 09:22:00-04:00,9.260566844641925,6.824803352355957
2024-10-05 09:23:00-04:00,9.466149562243785,6.82816219329834
2024-10-05 09:24:00-04:00,9.671645194933728,6.831521511077881
2024-10-05 09:25:00-04:00,9.877050327617168,6.834881782531738
2024-10-05 09:26:00-04:00,10.082358130104934,6.838243007659912
2024-10-05 09:27:00-04:00,10.287564333528797,6.841604709625244
2024-10-05 09:28:00-04:00,10.49266381524688,6.844967365264893
2024-10-05 09:29:00-04:00,10.697653160164595,6.848330497741699
2024-10-05 09:30:00-04:00,10.90252639186642,6.851694583892822
2024-10-05 09:31:00-04:00,11.107280949031416,6.855059623718262
2024-10-05 09:32:00-04:00,11.31191256279135,6.858425617218018
2024-10-05 09:33:00-04:00,11.516416964277996,6.861792087554932
2024-10-05 09:34:00-04:00,11.720789884623118,6.865159034729004
2024-10-05 09:35:00-04:00,11.925028762505777,6.868527412414551
2024-10-05 09:36:00-04:00,12.12913018283139,6.871896266937256
2024-10-05 09:37:00-04:00,12.333089876731727,6.875265598297119
2024-10-05 09:38:00-04:00,12.536905282885845,6.878636360168457
2024-10-05 09:39:00-04:00,12.740572132425518,6.882007122039795
2024-10-05 09:40:00-04:00,12.94408871780345,6.885379314422607
2024-10-05 09:41:00-04:00,13.147451623925054,6.888751983642578
2024-10-05 09:42:00-04:00,13.350656581922104,6.892125606536865
2024-10-05 09:43:00-04:00,13.55370273802095,6.895500183105469
2024-10-05 09:44:00-04:00,13.756584969579716,6.8988752365112305
2024-10-05 09:45:00-04:00,13.959302422824756,6.902251243591309
2024-10-05 09:46:00-04:00,14.161850828887838,6.905627727508545
2024-10-05 09:47:00-04:00,14.364227626448024,6.909005165100098
2024-10-05 09:48:00-04:00,14.56650197117066,6.912383556365967
2024-10-05 09:49:00-04:00,14.768730212116395,6.915762424468994
2024-10-05 09:50:00-04:00,14.970753547387034,6.919142246246338
2024-10-05 09:51:00-04:00,15.172573684529862,6.922523021697998
2024-10-05 09:52:00-04:00,15.37418891599759,6.925904273986816
2024-10-05 09:53:00-04:00,15.575534354993104,6.929286479949951
2024-10-05 09:54:00-04:00,15.776586095854308,6.932669162750244
2024-10-05 09:55:00-04:00,15.977448298966042,6.936053276062012
2024-10-05 09:56:00-04:00,16.17811584168643,6.939437389373779
2024-10-05 09:57:00-04:00,16.378587016468185,6.9428229331970215
2024-10-05 09:58:00-04:00,16.578860115764005,6.946208953857422
2024-10-05 09:59:00-04:00,16.77893172447931,6.949595928192139
2024-10-05 10:00:00-04:00,16.978798427519518,6.952983379364014
2024-10-05 10:01:00-04:00,17.17846022488462,6.956371784210205
2024-10-05 10:02:00-04:00,17.37791199393275,6.959761142730713
2024-10-05 10:03:00-04:00,17.577152027116608,6.963150978088379
2024-10-05 10:04:00-04:00,17.7761786168889,6.966541767120361
2024-10-05 10:05:00-04:00,17.974988348155048,6.96993350982666
2024-10-05 10:06:00-04:00,18.17357780582046,6.973325729370117
2024-10-05 10:07:00-04:00,18.37194698988514,6.976718902587891
2024-10-05 10:08:00-04:00,18.570092485254502,6.9801130294799805
2024-10-05 10:09:00-04:00,18.768010876833962,6.9835076332092285
2024-10-05 10:10:00-04:00,18.965698749528933,6.986903190612793
2024-10-05 10:11:00-04:00,19.163156103339418,6.990299224853516
2024-10-05 10:12:00-04:00,19.360377815623536,6.993696212768555
2024-10-05 10:13:00-04:00,19.55736388638129,6.99709415435791
2024-10-05 10:14:00-04:00,19.754109192970798,7.000492572784424
2024-10-05 10:15:00-04:00,19.950613735392064,7.003891944885254
2024-10-05 10:16:00-04:00,20.14687239100321,7.0072922706604
2024-10-05 10:17:00-04:00,20.342885159804236,7.010693073272705
2024-10-05 10:18:00-04:00,20.538646919153265,7.014094829559326
2024-10-05 10:19:00-04:00,20.734155961503003,7.017497539520264
2024-10-05 10:20:00-04:00,20.929410579306158,7.020900726318359
2024-10-05 10:21:00-04:00,21.124407357468144,7.0243048667907715
2024-10-05 10:22:00-04:00,21.31914288089438,7.027709484100342
2024-10-05 10:23:00-04:00,21.513615442037565,7.0311150550842285
2024-10-05 10:24:00-04:00,21.707821625803124,7.034521579742432
2024-10-05 10:25:00-04:00,21.90176143219105,7.037929058074951
2024-10-05 10:26:00-04:00,22.095428031012176,7.041337013244629
2024-10-05 10:27:00-04:00,22.2888214222665,7.044745445251465
2024-10-05 10:28:00-04:00,22.48193648331215,7.048155307769775
2024-10-05 10:29:00-04:00,22.67477321414912,7.051565647125244
2024-10-05 10:30:00-04:00,22.867328199682827,7.054976463317871
2024-10-05 10:31:00-04:00,23.059598024818687,7.0583882331848145
2024-10-05 10:32:00-04:00,23.25157756691482,7.061800956726074
2024-10-05 10:33:00-04:00,23.44326853351852,7.06521463394165
2024-10-05 10:34:00-04:00,23.634664094440616,7.068628787994385
2024-10-05 10:35:00-04:00,23.82576424968111,7.0720438957214355
2024-10-05 10:36:00-04:00,24.016563876598127,7.0754594802856445
2024-10-05 10:37:00-04:00,24.207061267644367,7.07887601852417
2024-10-05 10:38:00-04:00,24.397251300177956,7.082293510437012
2024-10-05 10:39:00-04:00,24.587135681746187,7.085711479187012
2024-10-05 10:40:00-04:00,24.7767058746126,7.089130401611328
2024-10-05 10:41:00-04:00,24.96596187877719,7.092550277709961
2024-10-05 10:42:00-04:00,25.154901986692668,7.095970630645752
2024-10-05 10:43:00-04:00,25.34351936816986,7.099391937255859
2024-10-05 10:44:00-04:00,25.531812315661483,7.102814197540283
2024-10-05 10:45:00-04:00,25.71977912162023,7.106236934661865
2024-10-05 10:46:00-04:00,25.90741466340424,7.109660625457764
2024-10-05 10:47:00-04:00,26.094717233466206,7.11308479309082
2024-10-05 10:48:00-04:00,26.281683416711548,7.116509914398193
2024-10-05 10:49:00-04:00,26.468309798045684,7.119935989379883
2024-10-05 10:50:00-04:00,26.654591254826734,7.1233625411987305
2024-10-05 10:51:00-04:00,26.8405277870547,7.1267900466918945
2024-10-05 10:52:00-04:00,27.02611256454041,7.130218505859375
2024-10-05 10:53:00-04:00,27.211345587283862,7.133647441864014
2024-10-05 10:54:00-04:00,27.39622002509589,7.137077331542969
2024-10-05 10:55:00-04:00,27.5807341704292,7.14050817489624
2024-10-05 10:56:00-04:00,27.764886315736497,7.14393949508667
2024-10-05 10:57:00-04:00,27.948669630828615,7.147371768951416
2024-10-05 10:58:00-04:00,28.13208240815826,7.15080451965332
2024-10-05 10:59:00-04:00,28.315121232630847,7.154238224029541
2024-10-05 11:00:00-04:00,28.4977809816045,7.157672882080078
2024-10-05 11:01:00-04:00,28.680059947531923,7.161108016967773
2024-10-05 11:02:00-04:00,28.861954715318532,7.164544105529785
2024-10-05 11:03:00-04:00,29.043456747227864,7.167981147766113
2024-10-05 11:04:00-04:00,29.22456945835451,7.1714186668396
2024-10-05 11:05:00-04:00,29.405282603414705,7.174857139587402
2024-10-05 11:06:00-04:00,29.58559959750304,7.1782965660095215
2024-10-05 11:07:00-04:00,29.765510195335764,7.181736469268799
2024-10-05 11:08:00-04:00,29.94501098181828,7.185177326202393
2024-10-05 11:09:00-04:00,30.124101956950604,7.1886186599731445
2024-10-05 11:10:00-04:00,30.30277629054355,7.192060947418213
2024-10-05 11:11:00-04:00,30.481030567502543,7.195504188537598
2024-10-05 11:12:00-04:00,30.658861372732996,7.198947906494141
2024-10-05 11:13:00-04:00,30.83626529114032,7.202392578125
2024-10-05 11:14:00-04:00,31.01323549253535,7.205838203430176
2024-10-05 11:15:00-04:00,31.189768561823502,7.20928430557251
2024-10-05 11:16:00-04:00,31.365864499004772,7.21273136138916
2024-10-05 11:17:00-04:00,31.541513058795402,7.216178894042969
2024-10-05 11:18:00-04:00,31.7167142411954,7.219627857208252
2024-10-05 11:19:00-04:00,31.891461216015593,7.223076820373535
2024-10-05 11:20:00-04:00,32.06575056816139,7.226527214050293
2024-10-05 11:21:00-04:00,32.23957888253822,7.229978084564209
2024-10-05 11:22:00-04:00,32.41294274405148,7.233429908752441
2024-10-05 11:23:00-04:00,32.58583190741743,7.236882209777832
2024-10-05 11:24:00-04:00,32.75824978773065,7.240335464477539
2024-10-05 11:25:00-04:00,32.930186139707374,7.243789196014404
2024-10-05 11:26:00-04:00,33.10163754825304,7.247244358062744
2024-10-05 11:27:00-04:00,33.272604013367626,7.250699996948242
2024-10-05 11:28:00-04:00,33.4430718746728,7.254156112670898
2024-10-05 11:29:00-04:00,33.61304454726316,7.257613182067871
2024-10-05 11:30:00-04:00,33.78251520094951,7.26107120513916
2024-10-05 11:31:00-04:00,33.9514770055427,7.264529705047607
2024-10-05 11:32:00-04:00,34.11992654594814,7.267989158630371
2024-10-05 11:33:00-04:00,34.28785699197666,7.271449565887451
2024-10-05 11:34:00-04:00,34.455268343628255,7.2749104499816895
2024-10-05 11:35:00-04:00,34.622150355619176,7.278372287750244
2024-10-05 11:36:00-04:00,34.788503027949425,7.281835079193115
2024-10-05 11:37:00-04:00,34.95431611533524,7.2852983474731445
2024-10-05 11:38:00-04:00,35.11958620268204,7.28876256942749
2024-10-05 11:39:00-04:00,35.28431328998982,7.292227268218994
2024-10-05 11:40:00-04:00,35.44848371688025,7.2956929206848145
2024-10-05 11:41:00-04:00,35.61209748335332,7.299159526824951
2024-10-05 11:42:00-04:00,35.775151174314445,7.302626609802246
2024-10-05 11:43:00-04:00,35.93763454447988,7.306094646453857
2024-10-05 11:44:00-04:00,36.09954417875503,7.309563636779785
2024-10-05 11:45:00-04:00,36.26087324695074,7.313033103942871
2024-10-05 11:46:00-04:00,36.421621749066986,7.316503524780273
2024-10-05 11:47:00-04:00,36.581779439820025,7.319974899291992
2024-10-05 11:48:00-04:00,36.741339489020696,7.323446750640869
2024-10-05 11:49:00-04:00,36.900301896668985,7.3269195556640625
2024-10-05 11:50:00-04:00,37.058656417481146,7.330392837524414
2024-10-05 11:51:00-04:00,37.216399636362596,7.333867073059082
2024-10-05 11:52:00-04:00,37.37352472312415,7.337342262268066
2024-10-05 11:53:00-04:00,37.530024847576655,7.340817928314209
2024-10-05 11:54:00-04:00,37.68589659462551,7.344294548034668
2024-10-05 11:55:00-04:00,37.84113654917615,7.347772121429443
2024-10-05 11:56:00-04:00,37.99573105085022,7.351250171661377
2024-10-05 11:57:00-04:00,38.14968351474231,7.354729175567627
2024-10-05 11:58:00-04:00,38.302980280474074,7.358208656311035
2024-10-05 11:59:00-04:00,38.45561793295093,7.36168909072876
2024-10-05 12:00:00-04:00,38.6075930570783,7.365170478820801
2024-10-05 12:01:00-04:00,38.758895407572425,7.36865234375
2024-10-05 12:02:00-04:00,38.909521569338715,7.372135162353516
2024-10-05 12:03:00-04:00,39.059464712188,7.375618934631348
2024-10-05 12:04:00-04:00,39.208718005931125,7.379103183746338
2024-10-05 12:05:00-04:00,39.3572746203789,7.3825883865356445
2024-10-05 12:06:00-04:00,39.50513114043675,7.386074066162109
2024-10-05 12:07:00-04:00,39.652280735915504,7.389561176300049
2024-10-05 12:08:00-04:00,39.79871316153141,7.393048286437988
2024-10-05 12:09:00-04:00,39.944425002189874,7.396536827087402
2024-10-05 12:10:00-04:00,40.08940942770174,7.400025844573975
2024-10-05 12:11:00-04:00,40.23365960787782,7.403515338897705
2024-10-05 12:12:00-04:00,40.377168712528956,7.40700626373291
2024-10-05 12:13:00-04:00,40.51993332656056,7.410497665405273
2024-10-05 12:14:00-04:00,40.6619397895943,7.413989543914795
2024-10-05 12:15:00-04:00,40.80318810163016,7.417482376098633
2024-10-05 12:16:00-04:00,40.943671432478986,7.420976161956787
2024-10-05 12:17:00-04:00,41.08337612176243,7.424470901489258
2024-10-05 12:18:00-04:00,41.222302169480486,7.427966117858887
2024-10-05 12:19:00-04:00,41.36043933034941,7.431461811065674
2024-10-05 12:20:00-04:00,41.49778418927461,7.4349589347839355
2024-10-05 12:21:00-04:00,41.634326500972335,7.4384565353393555
2024-10-05 12:22:00-04:00,41.770059435253415,7.441954612731934
2024-10-05 12:23:00-04:00,41.90497957702326,7.445453643798828
2024-10-05 12:24:00-04:00,42.03907326590354,7.448953628540039
2024-10-05 12:25:00-04:00,42.17234050189424,7.452454566955566
2024-10-05 12:26:00-04:00,42.30477103971162,7.455955982208252
2024-10-05 12:27:00-04:00,42.4363580491665,7.459457874298096
2024-10-05 12:28:00-04:00,42.56709128497513,7.462961196899414
2024-10-05 12:29:00-04:00,42.69696733204292,7.466464996337891
2024-10-05 12:30:00-04:00,42.8259793601807,7.469969272613525
2024-10-05 12:31:00-04:00,42.954120539199316,7.473474979400635
2024-10-05 12:32:00-04:00,43.081377208720404,7.476980686187744
2024-10-05 12:33:00-04:00,43.20774936874398,7.480487823486328
2024-10-05 12:34:00-04:00,43.33322677398629,7.48399543762207
2024-10-05 12:35:00-04:00,43.45780259425815,7.487504005432129
2024-10-05 12:36:00-04:00,43.5814699993704,7.491013050079346
2024-10-05 12:37:00-04:00,43.70421874403929,7.494523048400879
2024-10-05 12:38:00-04:00,43.82604541317022,7.4980340003967285
2024-10-05 12:39:00-04:00,43.94693976147944,7.501545429229736
2024-10-05 12:40:00-04:00,44.066894958777794,7.5050578117370605
2024-10-05 12:41:00-04:00,44.18590075978151,7.508570671081543
2024-10-05 12:42:00-04:00,44.3039571644906,7.5120849609375
2024-10-05 12:43:00-04:00,44.421050512526705,7.515599250793457
2024-10-05 12:44:00-04:00,44.53717397370068,7.519114971160889
2024-10-05 12:45:00-04:00,44.652320717823336,7.5226311683654785
2024-10-05 12:46:00-04:00,44.766480499610935,7.526147842407227
2024-10-05 12:47:00-04:00,44.87965331906346,7.529665946960449
2024-10-05 12:48:00-04:00,44.99182210070799,7.533184051513672
2024-10-05 12:49:00-04:00,45.10298684454454,7.536703586578369
2024-10-05 12:50:00-04:00,45.21313730528933,7.540223598480225
2024-10-05 12:51:00-04:00,45.322263237658625,7.5437445640563965
2024-10-05 12:52:00-04:00,45.430361226557835,7.547266006469727
2024-10-05 12:53:00-04:00,45.5374210267032,7.550788402557373
2024-10-05 12:54:00-04:00,45.643432392810965,7.554311752319336
2024-10-05 12:55:00-04:00,45.74839532488114,7.557835578918457
2024-10-05 12:56:00-04:00,45.85229616253537,7.5613603591918945
2024-10-05 12:57:00-04:00,45.9551280755845,7.564886093139648
2024-10-05 12:58:00-04:00,46.05688764893393,7.5684123039245605
2024-10-05 12:59:00-04:00,46.15756122220534,7.571939468383789
2024-10-05 13:00:00-04:00,46.257145380304124,7.575467109680176
2024-10-05 13:01:00-04:00,46.355629877946534,7.578995704650879
2024-10-05 13:02:00-04:00,46.4530078849434,7.582525253295898
2024-10-05 13:03:00-04:00,46.54927598620015,7.586055278778076
2024-10-05 13:04:00-04:00,46.644420521338425,7.58958625793457
2024-10-05 13:05:00-04:00,46.73843466016907,7.593117713928223
2024-10-05 13:06:00-04:00,46.83131498759749,7.596650123596191
2024-10-05 13:07:00-04:00,46.923054673434514,7.600183486938477
2024-10-05 13:08:00-04:00,47.01364005730181,7.603717803955078
2024-10-05 13:09:00-04:00,47.10306772410478,7.607252597808838
2024-10-05 13:10:00-04:00,47.19133084365428,7.610787868499756
2024-10-05 13:11:00-04:00,47.278422585761106,7.614324569702148
2024-10-05 13:12:00-04:00,47.36433270514153,7.617861270904541
2024-10-05 13:13:00-04:00,47.449054371606366,7.621399402618408
2024-10-05 13:14:00-04:00,47.532584170061035,7.624938011169434
2024-10-05 13:15:00-04:00,47.614911855221784,7.628477573394775
2024-10-05 13:16:00-04:00,47.69603059689944,7.632017612457275
2024-10-05 13:17:00-04:00,47.77593356490483,7.635558605194092
2024-10-05 13:18:00-04:00,47.85461051395421,7.639100551605225
2024-10-05 13:19:00-04:00,47.93206144404757,7.642642974853516
2024-10-05 13:20:00-04:00,48.00827610990116,7.646186351776123
2024-10-05 13:21:00-04:00,48.0832476813258,7.649730682373047
2024-10-05 13:22:00-04:00,48.156969328132334,7.653275489807129
2024-10-05 13:23:00-04:00,48.22943422013159,7.656821250915527
2024-10-05 13:24:00-04:00,48.3006321120398,7.660367488861084
2024-10-05 13:25:00-04:00,48.37056300385698,7.663914680480957
2024-10-05 13:26:00-04:00,48.43922006539395,7.6674628257751465
2024-10-05 13:27:00-04:00,48.506589636272366,7.671011447906494
2024-10-05 13:28:00-04:00,48.57267513158682,7.674561023712158
2024-10-05 13:29:00-04:00,48.63746289095898,7.6781110763549805
2024-10-05 13:30:00-04:00,48.700949499294246,7.681662082672119
2024-10-05 13:31:00-04:00,48.76312812640346,7.685214042663574
2024-10-05 13:32:00-04:00,48.82399194209744,7.6887664794921875
2024-10-05 13:33:00-04:00,48.88353753128161,7.692319869995117
2024-10-05 13:34:00-04:00,48.941758063766805,7.695874214172363
2024-10-05 13:35:00-04:00,48.99865012445842,7.699429035186768
2024-10-05 13:36:00-04:00,49.05420346807272,7.702984809875488
2024-10-05 13:37:00-04:00,49.108414679515114,7.706541061401367
2024-10-05 13:38:00-04:00,49.16128034369101,7.710098743438721
2024-10-05 13:39:00-04:00,49.21279363041125,7.713656425476074
2024-10-05 13:40:00-04:00,49.26294770948665,7.717215538024902
2024-10-05 13:41:00-04:00,49.31173916582264,7.720775127410889
2024-10-05 13:42:00-04:00,49.359164584324624,7.724335193634033
2024-10-05 13:43:00-04:00,49.40521713480343,7.727896213531494
2024-10-05 13:44:00-04:00,49.4498899870699,7.7314581871032715
2024-10-05 13:45:00-04:00,49.49318314112403,7.735021114349365
2024-10-05 13:46:00-04:00,49.53508976677664,7.738584518432617
2024-10-05 13:47:00-04:00,49.57560644893316,7.742148399353027
2024-10-05 13:48:00-04:00,49.61472977249899,7.745713710784912
2024-10-05 13:49:00-04:00,49.652449492190385,7.749279499053955
2024-10-05 13:50:00-04:00,49.688769023101926,7.752845764160156
2024-10-05 13:51:00-04:00,49.72368495013903,7.756412982940674
2024-10-05 13:52:00-04:00,49.757187028017945,7.759981155395508
2024-10-05 13:53:00-04:00,49.78927525673866,7.763550281524658
2024-10-05 13:54:00-04:00,49.81994963630119,7.767119884490967
2024-10-05 13:55:00-04:00,49.84919992142177,7.770689964294434
2024-10-05 13:56:00-04:00,49.877029527194985,7.774260997772217
2024-10-05 13:57:00-04:00,49.90342820833709,7.777832984924316
2024-10-05 13:58:00-04:00,49.928402795037236,7.781405925750732
2024-10-05 13:59:00-04:00,49.951943042011685,7.784979343414307
2024-10-05 14:00:00-04:00,49.974048949260435,7.788553714752197
2024-10-05 14:01:00-04:00,49.99471710168889,7.792128562927246
2024-10-05 14:02:00-04:00,50.01394749929706,7.795704364776611
2024-10-05 14:03:00-04:00,50.03173672699036,7.799281120300293
2024-10-05 14:04:00-04:00,50.0480813696742,7.802858352661133
2024-10-05 14:05:00-04:00,50.06298142734858,7.806436538696289
2024-10-05 14:06:00-04:00,50.07643690001351,7.8100152015686035
2024-10-05 14:07:00-04:00,50.08844095747981,7.813594818115234
2024-10-05 14:08:00-04:00,50.099000429936645,7.817175388336182
2024-10-05 14:09:00-04:00,50.10810507210027,7.820756435394287
2024-10-05 14:10:00-04:00,50.11576171415986,7.824338436126709
2024-10-05 14:11:00-04:00,50.12196352592623,7.827921390533447
2024-10-05 14:12:00-04:00,50.12671392249398,7.831504821777344
2024-10-05 14:13:00-04:00,50.13001290386309,7.835089206695557
2024-10-05 14:14:00-04:00,50.131857054939,7.838674068450928
2024-10-05 14:15:00-04:00,50.132246375721685,7.842259883880615
2024-10-05 14:16:00-04:00,50.13118086621116,7.845846652984619
2024-10-05 14:17:00-04:00,50.12866394150201,7.849433898925781
2024-10-05 14:18:00-04:00,50.12469560159423,7.85302209854126
2024-10-05 14:19:00-04:00,50.11926901629866,7.856611251831055
2024-10-05 14:20:00-04:00,50.112394430899045,7.860200881958008
2024-10-05 14:21:00-04:00,50.1040684303008,7.863790988922119
2024-10-05 14:22:00-04:00,50.09429101450392,7.867382526397705
2024-10-05 14:23:00-04:00,50.083062183508424,7.870974540710449
2024-10-05 14:24:00-04:00,50.07038876750347,7.874567031860352
2024-10-05 14:25:00-04:00,50.05626735139446,7.8781609535217285
2024-10-05 14:26:00-04:00,50.04069793518142,7.8817548751831055
2024-10-05 14:27:00-04:00,50.023690764148085,7.885350227355957
2024-10-05 14:28:00-04:00,50.0052390081053,7.888946056365967
2024-10-05 14:29:00-04:00,49.985346082147636,7.892542839050293
2024-10-05 14:30:00-04:00,49.96401881646427,7.896140098571777
2024-10-05 14:31:00-04:00,49.9412572110552,7.899738311767578
2024-10-05 14:32:00-04:00,49.91706126592043,7.903337001800537
2024-10-05 14:33:00-04:00,49.89143781124913,7.906937122344971
2024-10-05 14:34:00-04:00,49.86438343194671,7.910537242889404
2024-10-05 14:35:00-04:00,49.835908373296924,7.9141387939453125
2024-10-05 14:36:00-04:00,49.80601263529978,7.917740821838379
2024-10-05 14:37:00-04:00,49.774699633049856,7.9213433265686035
2024-10-05 14:38:00-04:00,49.74196936654715,7.924947261810303
2024-10-05 14:39:00-04:00,49.70783208107543,7.928551197052002
2024-10-05 14:40:00-04:00,49.6722843615401,7.932156562805176
2024-10-05 14:41:00-04:00,49.635336453224916,7.935762405395508
2024-10-05 14:42:00-04:00,49.59698835612988,7.939369201660156
2024-10-05 14:43:00-04:00,49.55724690044416,7.942976474761963
2024-10-05 14:44:00-04:00,49.51611208616776,7.946584701538086
2024-10-05 14:45:00-04:00,49.473590743489844,7.950193405151367
2024-10-05 14:46:00-04:00,49.42968628750501,7.953803539276123
2024-10-05 14:47:00-04:00,49.384405548402405,7.957413673400879
2024-10-05 14:48:00-04:00,49.33775194127663,7.961025238037109
2024-10-05 14:49:00-04:00,49.289728881222274,7.964637279510498
2024-10-05 14:50:00-04:00,49.2403431984285,7.968249797821045
2024-10-05 14:51:00-04:00,49.18959830798988,7.971863746643066
2024-10-05 14:52:00-04:00,49.1375044551902,7.975478172302246
2024-10-05 14:53:00-04:00,49.08405822493485,7.979093074798584
2024-10-05 14:54:00-04:00,49.02926986250759,7.982708930969238
2024-10-05 14:55:00-04:00,48.973146198097595,7.986325740814209
2024-10-05 14:56:00-04:00,48.91569406189404,7.989943027496338
2024-10-05 14:57:00-04:00,48.85691003880232,7.993561267852783
2024-10-05 14:58:00-04:00,48.79681120429537,7.997180461883545
2024-10-05 14:59:00-04:00,48.73539755837321,8.000800132751465
2024-10-05 15:00:00-04:00,48.6726725161304,8.004420280456543
2024-10-05 15:01:00-04:00,48.60864973794528,8.008041381835938
2024-10-05 15:02:00-04:00,48.543329223817864,8.011663436889648
2024-10-05 15:03:00-04:00,48.47671780393731,8.015286445617676
2024-10-05 15:04:00-04:00,48.408825723587384,8.01891040802002
2024-10-05 15:05:00-04:00,48.33965298276809,8.022534370422363
2024-10-05 15:06:00-04:00,48.26921324185774,8.02616024017334
2024-10-05 15:07:00-04:00,48.197509915950945,8.029786109924316
2024-10-05 15:08:00-04:00,48.12454642014229,8.033411979675293
2024-10-05 15:09:00-04:00,48.050332999715515,8.037039756774902
2024-10-05 15:10:00-04:00,47.9748764848598,8.040667533874512
2024-10-05 15:11:00-04:00,47.89818370576431,8.044297218322754
2024-10-05 15:12:00-04:00,47.82026149261822,8.047926902770996
2024-10-05 15:13:00-04:00,47.74111326051611,8.051557540893555
2024-10-05 15:14:00-04:00,47.66075266983633,8.055188179016113
2024-10-05 15:15:00-04:00,47.579179720578864,8.058820724487305
2024-10-05 15:16:00-04:00,47.49640465802748,8.062453269958496
2024-10-05 15:17:00-04:00,47.41243772746593,8.066086769104004
2024-10-05 15:18:00-04:00,47.32727892889421,8.069721221923828
2024-10-05 15:19:00-04:00,47.24094192269066,8.073356628417969
2024-10-05 15:20:00-04:00,47.15343353904446,8.07699203491211
2024-10-05 15:21:00-04:00,47.064757193050184,8.080629348754883
2024-10-05 15:22:00-04:00,46.974919714897005,8.084266662597656
2024-10-05 15:23:00-04:00,46.883934764963264,8.087904930114746
2024-10-05 15:24:00-04:00,46.79180575834355,8.091544151306152
2024-10-05 15:25:00-04:00,46.69853952522703,8.095183372497559
2024-10-05 15:26:00-04:00,46.604142895802866,8.098823547363281
2024-10-05 15:27:00-04:00,46.50862611535482,8.102465629577637
2024-10-05 15:28:00-04:00,46.411996014072066,8.106107711791992
2024-10-05 15:29:00-04:00,46.31425942214377,8.109749794006348
2024-10-05 15:30:00-04:00,46.21542658485368,8.113393783569336
2024-10-05 15:31:00-04:00,46.115500917296394,8.117037773132324
2024-10-05 15:32:00-04:00,46.014489249661075,8.120682716369629
2024-10-05 15:33:00-04:00,45.91240524232607,8.12432861328125
2024-10-05 15:34:00-04:00,45.80924889529136,8.127975463867188
2024-10-05 15:35:00-04:00,45.70503728402989,8.131623268127441
2024-10-05 15:36:00-04:00,45.599766993447076,8.135271072387695
2024-10-05 15:37:00-04:00,45.493455099015826,8.138919830322266
2024-10-05 15:38:00-04:00,45.386105015830736,8.142570495605469
2024-10-05 15:39:00-04:00,45.27772357408097,8.146220207214355
2024-10-05 15:40:00-04:00,45.168321019050296,8.149871826171875
2024-10-05 15:41:00-04:00,45.05790076583328,8.153523445129395
2024-10-05 15:42:00-04:00,44.94647647480828,8.157176971435547
2024-10-05 15:43:00-04:00,44.83405156106987,8.1608304977417
2024-10-05 15:44:00-04:00,44.72063285480722,8.164484977722168
2024-10-05 15:45:00-04:00,44.60623401639868,8.168139457702637
2024-10-05 15:46:00-04:00,44.490855045844235,8.171795845031738
2024-10-05 15:47:00-04:00,44.37450618842765,8.17545223236084
2024-10-05 15:48:00-04:00,44.25719768943269,8.179109573364258
2024-10-05 15:49:00-04:00,44.1389363790485,8.182767868041992
2024-10-05 15:50:00-04:00,44.01972567236968,8.186427116394043
2024-10-05 15:51:00-04:00,43.89957581467999,8.190086364746094
2024-10-05 15:52:00-04:00,43.77849705126317,8.193746566772461
2024-10-05 15:53:00-04:00,43.65649279721382,8.197407722473145
2024-10-05 15:54:00-04:00,43.5335698827211,8.201069831848145
2024-10-05 15:55:00-04:00,43.40974196816335,8.204732894897461
2024-10-05 15:56:00-04:00,43.285009053540584,8.208396911621094
2024-10-05 15:57:00-04:00,43.15938479923112,8.212060928344727
2024-10-05 15:58:00-04:00,43.03287262032956,8.215725898742676
2024-10-05 15:59:00-04:00,42.90547934702507,8.219391822814941
2024-10-05 16:00:00-04:00,42.7772152246014,8.223058700561523
2024-10-05 16:01:00-04:00,42.64808366815314,8.226725578308105
2024-10-05 16:02:00-04:00,42.51809833805863,8.23039436340332
2024-10-05 16:03:00-04:00,42.38725923431786,8.234063148498535
2024-10-05 16:04:00-04:00,42.2555766022146,8.237732887268066
2024-10-05 16:05:00-04:00,42.1230606870326,8.241402626037598
2024-10-05 16:06:00-04:00,41.98971148877185,8.245074272155762
2024-10-05 16:07:00-04:00,41.85554266781071,8.248745918273926
2024-10-05 16:08:00-04:00,41.72056105433833,8.252418518066406
2024-10-05 16:09:00-04:00,41.584770063449305,8.256092071533203
2024-10-05 16:10:00-04:00,41.448176525332805,8.259766578674316
2024-10-05 16:11:00-04:00,41.310790685272586,8.263442039489746
2024-10-05 16:12:00-04:00,41.17261595836323,8.267117500305176
2024-10-05 16:13:00-04:00,41.033662589888486,8.270793914794922
2024-10-05 16:14:00-04:00,40.893933994942955,8.274471282958984
2024-10-05 16:15:00-04:00,40.75344041881038,8.278149604797363
2024-10-05 16:16:00-04:00,40.61218527658534,8.281828880310059
2024-10-05 16:17:00-04:00,40.470178813551605,8.285508155822754
2024-10-05 16:18:00-04:00,40.32742444480375,8.289188385009766
2024-10-05 16:19:00-04:00,40.18393241562554,8.292869567871094
2024-10-05 16:20:00-04:00,40.03970614111155,8.296551704406738
2024-10-05 16:21:00-04:00,39.894752451450955,8.3002347946167
2024-10-05 16:22:00-04:00,39.749078176832924,8.30391788482666
2024-10-05 16:23:00-04:00,39.60269014744663,8.307601928710938
2024-10-05 16:24:00-04:00,39.45559519348123,8.311286926269531
2024-10-05 16:25:00-04:00,39.30780014512591,8.314972877502441
2024-10-05 16:26:00-04:00,39.15930841747525,8.318659782409668
2024-10-05 16:27:00-04:00,39.010130255813,8.322346687316895
2024-10-05 16:28:00-04:00,38.86026907523375,8.326034545898438
2024-10-05 16:29:00-04:00,38.70973170592667,8.329723358154297
2024-10-05 16:30:00-04:00,38.55852156298634,8.333413124084473
2024-10-05 16:31:00-04:00,38.40665230679111,8.337103843688965
2024-10-05 16:32:00-04:00,38.25412393734097,8.340794563293457
2024-10-05 16:33:00-04:00,38.10094328482509,8.344487190246582
2024-10-05 16:34:00-04:00,37.94711717943265,8.348179817199707
2024-10-05 16:35:00-04:00,37.792652451352815,8.351872444152832
2024-10-05 16:36:00-04:00,37.63755251568016,8.35556697845459
2024-10-05 16:37:00-04:00,37.48182761769846,8.359262466430664
2024-10-05 16:38:00-04:00,37.3254777574077,8.362957954406738
2024-10-05 16:39:00-04:00,37.16851318009164,8.366654396057129
2024-10-05 16:40:00-04:00,37.01093388575027,8.370351791381836
2024-10-05 16:41:00-04:00,36.852753534761945,8.374049186706543
2024-10-05 16:42:00-04:00,36.693972127126656,8.377748489379883
2024-10-05 16:43:00-04:00,36.53459649303358,8.381447792053223
2024-10-05 16:44:00-04:00,36.37463346267188,8.385148048400879
2024-10-05 16:45:00-04:00,36.21408645113615,8.388849258422852
2024-10-05 16:46:00-04:00,36.05296570371013,8.39255142211914
2024-10-05 16:47:00-04:00,35.89126780529925,8.39625358581543
2024-10-05 16:48:00-04:00,35.72900641628184,8.399957656860352
2024-10-05 16:49:00-04:00,35.56618153665791,8.403661727905273
2024-10-05 16:50:00-04:00,35.402803411711204,8.407366752624512
2024-10-05 16:51:00-04:00,35.238872041441724,8.41107177734375
2024-10-05 16:52:00-04:00,35.074397671133234,8.414778709411621
2024-10-05 16:53:00-04:00,34.90938030078573,8.418485641479492
2024-10-05 16:54:00-04:00,34.74382676058837,8.42219352722168
2024-10-05 16:55:00-04:00,34.57774388073034,8.425902366638184
2024-10-05 16:56:00-04:00,34.41113507630622,8.429612159729004
2024-10-05 16:57:00-04:00,34.24400717750518,8.433321952819824
2024-10-05 16:58:00-04:00,34.076360184327214,8.437032699584961
2024-10-05 16:59:00-04:00,33.90820775715067,8.44074535369873
2024-10-05 17:00:00-04:00,33.73954648088096,8.444457054138184
2024-10-05 17:01:00-04:00,33.57038318570726,8.44817066192627
2024-10-05 17:02:00-04:00,33.400724701818724,8.451885223388672
2024-10-05 17:03:00-04:00,33.23057444430995,8.455599784851074
2024-10-05 17:04:00-04:00,33.05993582827552,8.459315299987793
2024-10-05 17:05:00-04:00,32.88881568390461,8.463031768798828
2024-10-05 17:06:00-04:00,32.717217426291796,8.46674919128418
2024-10-05 17:07:00-04:00,32.54514788562625,8.470466613769531
2024-10-05 17:08:00-04:00,32.37260706190797,8.474185943603516
2024-10-05 17:09:00-04:00,32.19960520042072,8.4779052734375
2024-10-05 17:10:00-04:00,32.0261388860699,8.4816255569458
2024-10-05 17:11:00-04:00,31.85222177923387,8.485345840454102
2024-10-05 17:12:00-04:00,31.67785046481803,8.489068031311035
2024-10-05 17:13:00-04:00,31.503031773011553,8.492790222167969
2024-10-05 17:14:00-04:00,31.32777253400361,8.496513366699219
2024-10-05 17:15:00-04:00,31.152076162888786,8.500237464904785
2024-10-05 17:16:00-04:00,30.975942659667083,8.503962516784668
2024-10-05 17:17:00-04:00,30.799378854527667,8.50768756866455
2024-10-05 17:18:00-04:00,30.622391577659712,8.511414527893066
2024-10-05 17:19:00-04:00,30.444980829063216,8.515141487121582
2024-10-05 17:20:00-04:00,30.267150023832766,8.518869400024414
2024-10-05 17:21:00-04:00,30.08890940725211,8.522597312927246
2024-10-05 17:22:00-04:00,29.910255564226674,8.526327133178711
2024-10-05 17:23:00-04:00,29.731198740040202,8.530056953430176
2024-10-05 17:24:00-04:00,29.551738934692704,8.533787727355957
2024-10-05 17:25:00-04:00,29.371879563278757,8.537519454956055
2024-10-05 17:26:00-04:00,29.191627455987536,8.541252136230469
2024-10-05 17:27:00-04:00,29.01098261281904,8.5449857711792
2024-10-05 17:28:00-04:00,28.82995527905702,8.54871940612793
2024-10-05 17:29:00-04:00,28.648542039606898,8.552453994750977
2024-10-05 17:30:00-04:00,28.466748017110547,8.55618953704834
2024-10-05 17:31:00-04:00,28.284578334209844,8.55992603302002
2024-10-05 17:32:00-04:00,28.10203811354667,8.5636625289917
2024-10-05 17:33:00-04:00,27.91912906266831,8.567400932312012
2024-10-05 17:34:00-04:00,27.73585459666936,8.571139335632324
2024-10-05 17:35:00-04:00,27.552218130644395,8.574878692626953
2024-10-05 17:36:00-04:00,27.3682247872353,8.578618049621582
2024-10-05 17:37:00-04:00,27.183876273989362,8.582359313964844
2024-10-05 17:38:00-04:00,26.99917600600117,8.586100578308105
2024-10-05 17:39:00-04:00,26.8141291059126,8.589842796325684
2024-10-05 17:40:00-04:00,26.628737281270944,8.593585968017578
2024-10-05 17:41:00-04:00,26.443003947170787,8.597330093383789
2024-10-05 17:42:00-04:00,26.256934226254007,8.60107421875
2024-10-05 17:43:00-04:00,26.070528118520606,8.604820251464844
2024-10-05 17:44:00-04:00,25.88379245415975,8.608566284179688
2024-10-05 17:45:00-04:00,25.69672894071873,8.612313270568848
2024-10-05 17:46:00-04:00,25.509339285744847,8.616060256958008
2024-10-05 17:47:00-04:00,25.321628611879973,8.6198091506958
2024-10-05 17:48:00-04:00,25.13360033421869,8.623558044433594
2024-10-05 17:49:00-04:00,24.945256160308297,8.627307891845703
2024-10-05 17:50:00-04:00,24.756599505243376,8.631058692932129
2024-10-05 17:51:00-04:00,24.56763207657122,8.634810447692871
2024-10-05 17:52:00-04:00,24.378360704480993,8.63856315612793
2024-10-05 17:53:00-04:00,24.188785388972704,8.642315864562988
2024-10-05 17:54:00-04:00,23.998911252688227,8.646069526672363
2024-10-05 17:55:00-04:00,23.808738295627563,8.649824142456055
2024-10-05 17:56:00-04:00,23.618271640432585,8.653579711914062
2024-10-05 17:57:00-04:00,23.427512994650595,8.65733528137207
2024-10-05 17:58:00-04:00,23.23646748092346,8.661091804504395
2024-10-05 17:59:00-04:00,23.045135099251183,8.664850234985352
2024-10-05 18:00:00-04:00,22.853519264728355,8.668607711791992
2024-10-05 18:01:00-04:00,22.661625099996847,8.672367095947266
2024-10-05 18:02:00-04:00,22.46945431260395,8.676127433776855
2024-10-05 18:03:00-04:00,22.277008610096967,8.679887771606445
2024-10-05 18:04:00-04:00,22.084289700023177,8.683649063110352
2024-10-05 18:05:00-04:00,21.89130441257176,8.687411308288574
2024-10-05 18:06:00-04:00,21.69805274774271,8.691174507141113
2024-10-05 18:07:00-04:00,21.504536413083326,8.694937705993652
2024-10-05 18:08:00-04:00,21.31076053123548,8.698701858520508
2024-10-05 18:09:00-04:00,21.116726809746464,8.702467918395996
2024-10-05 18:10:00-04:00,20.922436956163573,8.706233024597168
2024-10-05 18:11:00-04:00,20.727894385581394,8.710000038146973
2024-10-05 18:12:00-04:00,20.53310251309451,8.713768005371094
2024-10-05 18:13:00-04:00,20.3380647537975,8.717535972595215
2024-10-05 18:14:00-04:00,20.14277940014308,8.721304893493652
2024-10-05 18:15:00-04:00,19.947254989867712,8.725074768066406
2024-10-05 18:16:00-04:00,19.751488107876806,8.72884464263916
2024-10-05 18:17:00-04:00,19.555485584359534,8.732616424560547
2024-10-05 18:18:00-04:00,19.35924912686319,8.736388206481934
2024-10-05 18:19:00-04:00,19.162780442935066,8.740160942077637
2024-10-05 18:20:00-04:00,18.966081240122456,8.743934631347656
2024-10-05 18:21:00-04:00,18.76915664106723,8.747709274291992
2024-10-05 18:22:00-04:00,18.5720066457694,8.751483917236328
2024-10-05 18:23:00-04:00,18.374636376870832,8.755260467529297
2024-10-05 18:24:00-04:00,18.177045834371533,8.759037017822266
2024-10-05 18:25:00-04:00,17.97924014091338,8.762813568115234
2024-10-05 18:26:00-04:00,17.781217588949076,8.766592025756836
2024-10-05 18:27:00-04:00,17.582985008667798,8.770371437072754
2024-10-05 18:28:00-04:00,17.384544107616833,8.774150848388672
2024-10-05 18:29:00-04:00,17.18589488579618,8.777931213378906
2024-10-05 18:30:00-04:00,16.987042465847722,8.781712532043457
2024-10-05 18:31:00-04:00,16.787988555318748,8.785493850708008
2024-10-05 18:32:00-04:00,16.588734861756553,8.789277076721191
2024-10-05 18:33:00-04:00,16.38928650780301,8.793060302734375
2024-10-05 18:34:00-04:00,16.18964178591083,8.796844482421875
2024-10-05 18:35:00-04:00,15.98980752626918,8.800629615783691
2024-10-05 18:36:00-04:00,15.789783728878065,8.804414749145508
2024-10-05 18:37:00-04:00,15.589573808832066,8.808201789855957
2024-10-05 18:38:00-04:00,15.389087266124681,8.811988830566406
2024-10-05 18:39:00-04:00,15.188327515850498,8.815776824951172
2024-10-05 18:40:00-04:00,14.987366274995797,8.819565773010254
2024-10-05 18:41:00-04:00,14.786206958655166,8.823354721069336
2024-10-05 18:42:00-04:00,14.584847859281313,8.82714557647705
2024-10-05 18:43:00-04:00,14.383425580657637,8.830936431884766
2024-10-05 18:44:00-04:00,14.181923047311214,8.834728240966797
2024-10-05 18:45:00-04:00,13.980254881877416,8.838521003723145
2024-10-05 18:46:00-04:00,13.77842279190354,8.842313766479492
2024-10-05 18:47:00-04:00,13.576428484936875,8.846108436584473
2024-10-05 18:48:00-04:00,13.374277083619301,8.849903106689453
2024-10-05 18:49:00-04:00,13.171969441724462,8.85369873046875
2024-10-05 18:50:00-04:00,12.96950982812059,8.857495307922363
2024-10-05 18:51:00-04:00,12.766899950354977,8.861291885375977
2024-10-05 18:52:00-04:00,12.564144077295857,8.865090370178223
2024-10-05 18:53:00-04:00,12.361244770264165,8.868888854980469
2024-10-05 18:54:00-04:00,12.158204590580842,8.872688293457031
2024-10-05 18:55:00-04:00,11.955027807114119,8.87648868560791
2024-10-05 18:56:00-04:00,11.751717834958582,8.880289077758789
2024-10-05 18:57:00-04:00,11.548277235435167,8.884090423583984
2024-10-05 18:58:00-04:00,11.34470942363846,8.887893676757812
2024-10-05 18:59:00-04:00,11.141018668436693,8.89169692993164
2024-10-05 19:00:00-04:00,10.937209238698099,8.895500183105469
2024-10-05 19:01:00-04:00,10.733283695743612,8.89930534362793
2024-10-05 19:02:00-04:00,10.529247162215114,8.90311050415039
2024-10-05 19:03:00-04:00,10.325103053207188,8.906916618347168
2024-10-05 19:04:00-04:00,10.120857345135358,8.910723686218262
2024-10-05 19:05:00-04:00,9.916512599320562,8.914531707763672
2024-10-05 19:06:00-04:00,9.712074792178326,8.918339729309082
2024-10-05 19:07:00-04:00,9.507549046350526,8.922149658203125
2024-10-05 19:08:00-04:00,9.302939630705392,8.925959587097168
2024-10-05 19:09:00-04:00,9.098253375432096,8.929770469665527
2024-10-05 19:10:00-04:00,8.89349454939887,8.933581352233887
2024-10-05 19:11:00-04:00,8.688670836568527,8.937394142150879
2024-10-05 19:12:00-04:00,8.483789067130239,8.941206932067871
2024-10-05 19:13:00-04:00,8.278854363725884,8.94502067565918
2024-10-05 19:14:00-04:00,8.073875264091924,8.948835372924805
2024-10-05 19:15:00-04:00,7.868858598417529,8.952651023864746
2024-10-05 19:16:00-04:00,7.663814611986454,8.956466674804688
2024-10-05 19:17:00-04:00,7.458750988761515,8.960283279418945
2024-10-05 19:18:00-04:00,7.253677120252821,8.96410083770752
2024-10-05 19:19:00-04:00,7.048603251744126,8.96791934967041
2024-10-05 19:20:00-04:00,6.843540909179657,8.971738815307617
2024-10-05 19:21:00-04:00,6.638502045390458,8.975558280944824
2024-10-05 19:22:00-04:00,6.433499040094404,8.979379653930664
2024-10-05 19:23:00-04:00,6.228546407443477,8.983201026916504
2024-10-05 19:24:00-04:00,6.023658661589666,8.987022399902344
2024-10-05 19:25:00-04:00,5.818852451119072,8.990845680236816
2024-10-05 19:26:00-04:00,5.614145705278266,8.994668960571289
2024-10-05 19:27:00-04:00,5.409557207087466,8.998494148254395
2024-10-05 19:28:00-04:00,5.205109154661474,9.0023193359375
2024-10-05 19:29:00-04:00,5.0008241730019165,9.006144523620605
2024-10-05 19:30:00-04:00,4.79672787531818,9.009971618652344
2024-10-05 19:31:00-04:00,4.592848436140592,9.013798713684082
2024-10-05 19:32:00-04:00,4.389243912077097,9.017627716064453
2024-10-05 19:33:00-04:00,4.185897654541593,9.021456718444824
2024-10-05 19:34:00-04:00,3.9828711352366106,9.025285720825195
2024-10-05 19:35:00-04:00,3.780205762183992,9.0291166305542
2024-10-05 19:36:00-04:00,3.577947639160636,9.032947540283203
2024-10-05 19:37:00-04:00,3.376147779141905,9.036779403686523
2024-10-05 19:38:00-04:00,3.1748623177450406,9.04061222076416
2024-10-05 19:39:00-04:00,2.974154434219866,9.044445991516113
2024-10-05 19:40:00-04:00,2.7740932842317263,9.048279762268066
2024-10-05 19:41:00-04:00,2.5747561342956082,9.052115440368652
2024-10-05 19:42:00-04:00,2.3762290021063714,9.055951118469238
2024-10-05 19:43:00-04:00,2.17860665653875,9.05978775024414
2024-10-05 19:44:00-04:00,1.981994538638055,9.063624382019043
2024-10-05 19:45:00-04:00,1.7865084414550607,9.067462921142578
2024-10-05 19:46:00-04:00,1.5922766444801155,9.071301460266113
2024-10-05 19:47:00-04:00,1.3994391665912052,9.075140953063965
2024-10-05 19:48:00-04:00,1.2081491534361255,9.078981399536133
2024-10-05 19:49:00-04:00,1.0185718102154269,9.082822799682617
2024-10-05 19:50:00-04:00,0.8308849886517936,9.086664199829102
2024-10-05 19:51:00-04:00,0.6452767323908127,9.090507507324219
2024-10-05 19:52:00-04:00,0.4619437295362394,9.094350814819336
2024-10-05 19:53:00-04:00,0.281087283905604,9.098194122314453
2024-10-05 19:54:00-04:00,0.1029085725844111,9.102039337158203
2024-10-05 19:55:00-04:00,-0.07239839103633522,9.105884552001953
2024-10-05 19:56:00-04:00,-0.24465548175957913,9.109731674194336
2024-10-05 19:57:00-04:00,-0.41371114809300435,9.113578796386719
2024-10-05 19:58:00-04:00,-0.5794528119772246,9.117426872253418
2024-10-05 19:59:00-04:00,-0.7417954695735851,9.121274948120117
2024-10-05 20:00:00-04:00,-0.9007755930250366,9.125123977661133
2024-10-05 20:01:00-04:00,-1.0564725299198277,9.128974914550781
2024-10-05 20:02:00-04:00,-1.2090829683617133,9.13282585144043
2024-10-05 20:03:00-04:00,-1.3589383859688509,9.136676788330078
2024-10-05 20:04:00-04:00,-1.506494591146633,9.14052963256836
2024-10-05 20:05:00-04:00,-1.6524410061144075,9.14438247680664
2024-10-05 20:06:00-04:00,-1.7977264935582777,9.148236274719238
2024-10-05 20:07:00-04:00,-1.9435941479071857,9.152091026306152
2024-10-05 20:08:00-04:00,-2.091859198654768,9.155946731567383
2024-10-05 20:09:00-04:00,-2.2451664231137007,9.15980339050293
2024-10-05 20:10:00-04:00,-2.407656196581481,9.163660049438477
2024-10-05 20:11:00-04:00,-2.5864575290043095,9.16751766204834
2024-10-05 20:12:00-04:00,-2.795808376593901,9.17137622833252
2024-10-05 20:13:00-04:00,-3.0711008586385575,9.175235748291016
2024-10-05 20:14:00-04:00,-3.524905243839963,9.179095268249512
2024-10-05 20:15:00-04:00,-4.153751796099751,9.182955741882324
2024-10-05 20:16:00-04:00,-4.609591791117232,9.186817169189453
2024-10-05 20:17:00-04:00,-4.963309785872444,9.190679550170898
2024-10-05 20:18:00-04:00,-5.269667675809611,9.19454288482666
2024-10-05 20:19:00-04:00,-5.549663596871468,9.198406219482422
2024-10-05 20:20:00-04:00,-5.813136863444241,9.202271461486816
2024-10-05 20:21:00-04:00,-6.065511072615743,9.206136703491211
2024-10-05 20:22:00-04:00,-6.310022880278913,9.210001945495605
2024-10-05 20:23:00-04:00,-6.548762324319777,9.213869094848633
2024-10-05 20:24:00-04:00,-6.783147949651581,9.21773624420166
2024-10-05 20:25:00-04:00,-7.0141966006870105,9.22160530090332
2024-10-05 20:26:00-04:00,-7.242595138324474,9.22547435760498
2024-10-05 20:27:00-04:00,-7.46891516402014,9.22934341430664
2024-10-05 20:28:00-04:00,-7.693566062237383,9.233214378356934
2024-10-05 20:29:00-04:00,-7.916864582998963,9.237085342407227
2024-10-05 20:30:00-04:00,-8.13905917443594,9.240957260131836
2024-10-05 20:31:00-04:00,-8.356343713633326,9.244830131530762
2024-10-05 20:32:00-04:00,-8.572012059318356,9.248703956604004
2024-10-05 20:33:00-04:00,-8.787753829536962,9.252578735351562
2024-10-05 20:34:00-04:00,-9.003568170515502,9.256453514099121
2024-10-05 20:35:00-04:00,-9.219455082253972,9.260329246520996
2024-10-05 20:36:00-04:00,-9.435413710978729,9.264205932617188
2024-10-05 20:37:00-04:00,-9.651443202916123,9.268083572387695
2024-10-05 20:38:00-04:00,-9.867543558066156,9.271961212158203
2024-10-05 20:39:00-04:00,-10.083713068881536,9.275839805603027
2024-10-05 20:40:00-04:00,-10.299951735362262,9.279719352722168
2024-10-05 20:41:00-04:00,-10.516259557508334,9.283599853515625
2024-10-05 20:42:00-04:00,-10.732634827772461,9.287481307983398
2024-10-05 20:43:00-04:00,-10.949078399928288,9.291362762451172
2024-10-05 20:44:00-04:00,-11.165587712654876,9.295245170593262
2024-10-05 20:45:00-04:00,-11.38216361972587,9.299129486083984
2024-10-05 20:46:00-04:00,-11.598805267367629,9.30301284790039
2024-10-05 20:47:00-04:00,-11.815511801806501,9.30689811706543
2024-10-05 20:48:00-04:00,-12.032283223042487,9.310783386230469
2024-10-05 20:49:00-04:00,-12.249117823528298,9.314669609069824
2024-10-05 20:50:00-04:00,-12.466016457037576,9.318556785583496
2024-10-05 20:51:00-04:00,-12.682978269796678,9.322444915771484
2024-10-05 20:52:00-04:00,-12.900001554258308,9.326333999633789
2024-10-05 20:53:00-04:00,-13.11708631042247,9.330223083496094
2024-10-05 20:54:00-04:00,-13.334233392062808,9.334113121032715
2024-10-05 20:55:00-04:00,-13.551440237858383,9.338004112243652
2024-10-05 20:56:00-04:00,-13.768706847809197,9.341896057128906
2024-10-05 20:57:00-04:00,-13.986034075688893,9.34578800201416
2024-10-05 20:58:00-04:00,-14.203419360176536,9.349681854248047
2024-10-05 20:59:00-04:00,-14.42086355504577,9.353575706481934
